Prod.Date,Matl.Code,Matl.Description,Prod.Qty.
1/21/2026,1325214813075SUNE1,145/80R13_Ultima Neo NextGen_75S_4Rib_TL,3160
1/23/2026,1325214813075SUNE1,145/80R13_Ultima Neo NextGen_75S_4Rib_TL,3134
1/29/2026,1325214813075SUNE1,145/80R13_Ultima Neo NextGen_75S_4Rib_TL,3092
1/27/2026,1325214813075SUNE1,145/80R13_Ultima Neo NextGen_75S_4Rib_TL,3083
1/25/2026,1325214813075SUNE1,145/80R13_Ultima Neo NextGen_75S_4Rib_TL,3064
1/28/2026,1325214813075SUNE1,145/80R13_Ultima Neo NextGen_75S_4Rib_TL,3004
1/24/2026,1325214813075SUNE1,145/80R13_Ultima Neo NextGen_75S_4Rib_TL,2911
1/30/2026,1325214813075SUNE1,145/80R13_Ultima Neo NextGen_75S_4Rib_TL,2842
1/26/2026,1325214813075SUNE1,145/80R13_Ultima Neo NextGen_75S_4Rib_TL,2768
1/20/2026,1325214813075SUNE1,145/80R13_Ultima Neo NextGen_75S_4Rib_TL,2736
1/22/2026,1325214813075SUNE1,145/80R13_Ultima Neo NextGen_75S_4Rib_TL,2730
1/3/2026,1225170015012LSTL0,7.00R15_STEELKING_12PR_L_TT,2470
1/2/2026,1225170015012LSTL0,7.00R15_STEELKING_12PR_L_TT,2466
1/6/2026,1225170015012LSTL0,7.00R15_STEELKING_12PR_L_TT,2426
1/7/2026,1225170015012LSTL0,7.00R15_STEELKING_12PR_L_TT,2384
1/5/2026,1225170015012LSTL0,7.00R15_STEELKING_12PR_L_TT,2376
1/1/2026,1225170015012LSTL0,7.00R15_STEELKING_12PR_L_TT,2306
1/4/2026,1225170015012LSTL0,7.00R15_STEELKING_12PR_L_TT,2292
1/18/2026,1325214813075SUNE1,145/80R13_Ultima Neo NextGen_75S_4Rib_TL,2284
1/8/2026,1225170015012LSTL0,7.00R15_STEELKING_12PR_L_TT,2282
1/9/2026,1225170015012LSTL0,7.00R15_STEELKING_12PR_L_TT,2062
1/10/2026,1225170015012LSTL0,7.00R15_STEELKING_12PR_L_TT,2002
1/19/2026,1325214813075SUNE1,145/80R13_Ultima Neo NextGen_75S_4Rib_TL,1843
1/16/2026,1325214813075SUNE1,145/80R13_Ultima Neo NextGen_75S_4Rib_TL,1685
1/15/2026,1325214813075SUNE1,145/80R13_Ultima Neo NextGen_75S_4Rib_TL,1667
1/11/2026,1225170015012LSTL0,7.00R15_STEELKING_12PR_L_TT,1626
1/15/2026,1225170015012LSTL0,7.00R15_STEELKING_12PR_L_TT,1500
1/23/2026,1225170015012LSTL0,7.00R15_STEELKING_12PR_L_TT,1498
1/28/2026,1225170015012LSTL0,7.00R15_STEELKING_12PR_L_TT,1494
1/17/2026,1225170015012LSTL0,7.00R15_STEELKING_12PR_L_TT,1465
1/14/2026,1325214813075SUNE1,145/80R13_Ultima Neo NextGen_75S_4Rib_TL,1457
1/18/2026,1225170015012LSTL0,7.00R15_STEELKING_12PR_L_TT,1456
1/20/2026,1225170015012LSTL0,7.00R15_STEELKING_12PR_L_TT,1446
1/17/2026,1325214813075SUNE1,145/80R13_Ultima Neo NextGen_75S_4Rib_TL,1440
1/12/2026,1225170015012LSTL0,7.00R15_STEELKING_12PR_L_TT,1438
1/29/2026,1225170015012LSTL0,7.00R15_STEELKING_12PR_L_TT,1434
1/19/2026,1225170015012LSTL0,7.00R15_STEELKING_12PR_L_TT,1428
1/22/2026,1225170015012LSTL0,7.00R15_STEELKING_12PR_L_TT,1414
1/21/2026,1225170015012LSTL0,7.00R15_STEELKING_12PR_L_TT,1410
1/16/2026,1225170015012LSTL0,7.00R15_STEELKING_12PR_L_TT,1385
1/25/2026,1225170015012LSTL0,7.00R15_STEELKING_12PR_L_TT,1380
1/30/2026,1225170015012LSTL0,7.00R15_STEELKING_12PR_L_TT,1368
1/14/2026,1225170015012LSTL0,7.00R15_STEELKING_12PR_L_TT,1306
1/2/2026,1325214813075SUNE1,145/80R13_Ultima Neo NextGen_75S_4Rib_TL,1302
1/4/2026,1325214813075SUNE1,145/80R13_Ultima Neo NextGen_75S_4Rib_TL,1298
1/3/2026,1325214813075SUNE1,145/80R13_Ultima Neo NextGen_75S_4Rib_TL,1296
1/7/2026,1325214813075SUNE1,145/80R13_Ultima Neo NextGen_75S_4Rib_TL,1294
1/1/2026,1325214813075SUNE1,145/80R13_Ultima Neo NextGen_75S_4Rib_TL,1282
1/27/2026,1225170015012LSTL0,7.00R15_STEELKING_12PR_L_TT,1274
1/24/2026,1225170015012LSTL0,7.00R15_STEELKING_12PR_L_TT,1258
1/5/2026,1325214813075SUNE1,145/80R13_Ultima Neo NextGen_75S_4Rib_TL,1253
1/10/2026,1325214813075SUNE1,145/80R13_Ultima Neo NextGen_75S_4Rib_TL,1252
1/6/2026,1325214813075SUNE1,145/80R13_Ultima Neo NextGen_75S_4Rib_TL,1245
1/12/2026,1325214813075SUNE1,145/80R13_Ultima Neo NextGen_75S_4Rib_TL,1220
1/8/2026,1325214813075SUNE1,145/80R13_Ultima Neo NextGen_75S_4Rib_TL,1112
1/11/2026,1325214813075SUNE1,145/80R13_Ultima Neo NextGen_75S_4Rib_TL,1098
1/26/2026,1225170015012LSTL0,7.00R15_STEELKING_12PR_L_TT,1097
1/6/2026,1325221416095VURL0,215/60 R 16 _UX ROYALE_95_V_TL,1090
1/9/2026,1325214813075SUNE1,145/80R13_Ultima Neo NextGen_75S_4Rib_TL,1086
1/27/2026,1325221416095VURL0,215/60 R 16 _UX ROYALE_95_V_TL,1082
1/7/2026,1325221416095VURL0,215/60 R 16 _UX ROYALE_95_V_TL,1068
1/18/2026,1325221416095VURL0,215/60 R 16 _UX ROYALE_95_V_TL,1040
1/20/2026,1D25213812090FXPC0,130/80R12 _ULTIMA XPC_90_F_TL_BAJAJ,1037
1/21/2026,1D25213812090FXPC0,130/80R12 _ULTIMA XPC_90_F_TL_BAJAJ,1020
1/18/2026,1D25213812090FXPC0,130/80R12 _ULTIMA XPC_90_F_TL_BAJAJ,1019
1/29/2026,1D25213812090FXPC0,130/80R12 _ULTIMA XPC_90_F_TL_BAJAJ,1014
1/14/2026,1D25213812090FXPC0,130/80R12 _ULTIMA XPC_90_F_TL_BAJAJ,1010
1/20/2026,1325221416095VURL0,215/60 R 16 _UX ROYALE_95_V_TL,1008
1/30/2026,1D25213812090FXPC0,130/80R12 _ULTIMA XPC_90_F_TL_BAJAJ,1006
1/25/2026,1D25213812090FXPC0,130/80R12 _ULTIMA XPC_90_F_TL_BAJAJ,1004
1/21/2026,1325221416095VURL0,215/60 R 16 _UX ROYALE_95_V_TL,1002
1/16/2026,1D25213812090FXPC0,130/80R12 _ULTIMA XPC_90_F_TL_BAJAJ,998
1/28/2026,1D25213812090FXPC0,130/80R12 _ULTIMA XPC_90_F_TL_BAJAJ,996
1/5/2026,1D25213812090FXPC0,130/80R12 _ULTIMA XPC_90_F_TL_BAJAJ,996
1/23/2026,1D25213812090FXPC0,130/80R12 _ULTIMA XPC_90_F_TL_BAJAJ,992
1/5/2026,1D25212812074FXC10,120/80R12_ULTIMA XPC1_74_F_TL,987
1/14/2026,1D25212812074FXC10,120/80R12_ULTIMA XPC1_74_F_TL,986
1/24/2026,1D25213812090FXPC0,130/80R12 _ULTIMA XPC_90_F_TL_BAJAJ,986
1/7/2026,1D25213812090FXPC0,130/80R12 _ULTIMA XPC_90_F_TL_BAJAJ,984
1/3/2026,1D25212812074FXC10,120/80R12_ULTIMA XPC1_74_F_TL,978
1/11/2026,1325221416095VURL0,215/60 R 16 _UX ROYALE_95_V_TL,974
1/4/2026,1D25212812074FXC10,120/80R12_ULTIMA XPC1_74_F_TL,973
1/11/2026,1D25212812074FXC10,120/80R12_ULTIMA XPC1_74_F_TL,973
1/3/2026,1D25213812090FXPC0,130/80R12 _ULTIMA XPC_90_F_TL_BAJAJ,966
1/9/2026,1D25212812074FXC10,120/80R12_ULTIMA XPC1_74_F_TL,965
1/6/2026,1D25212812074FXC10,120/80R12_ULTIMA XPC1_74_F_TL,964
1/19/2026,1325221416095VURL0,215/60 R 16 _UX ROYALE_95_V_TL,964
1/10/2026,1D25212812074FXC10,120/80R12_ULTIMA XPC1_74_F_TL,962
1/2/2026,1325114812074TUHL0,145/80R12 ULTIMA HI^LIFE_TT,962
1/8/2026,1325221416095VURL0,215/60 R 16 _UX ROYALE_95_V_TL,960
1/12/2026,1325221416095VURL0,215/60 R 16 _UX ROYALE_95_V_TL,954
1/12/2026,1D25212812074FXC10,120/80R12_ULTIMA XPC1_74_F_TL,952
1/13/2026,1325214813075SUNE1,145/80R13_Ultima Neo NextGen_75S_4Rib_TL,950
1/5/2026,1325114812074TUHL0,145/80R12 ULTIMA HI^LIFE_TT,947
1/22/2026,1325221416095VURL0,215/60 R 16 _UX ROYALE_95_V_TL,946
1/5/2026,1325218515088HTMX0,185/65 R15_TAXIMAX_88 H TL,946
1/4/2026,1325218515088HTMX0,185/65 R15_TAXIMAX_88 H TL,944
1/6/2026,1325218515088HTMX0,185/65 R15_TAXIMAX_88 H TL,940
1/13/2026,1225170015012LSTL0,7.00R15_STEELKING_12PR_L_TT,940
1/1/2026,1D25212812074FXC10,120/80R12_ULTIMA XPC1_74_F_TL,938
1/1/2026,1325114812074TUHL0,145/80R12 ULTIMA HI^LIFE_TT,938
1/29/2026,1325218515088HTMX0,185/65 R15_TAXIMAX_88 H TL,934
1/21/2026,1325218515088HTMX0,185/65 R15_TAXIMAX_88 H TL,932
1/15/2026,1325218515088HTMX0,185/65 R15_TAXIMAX_88 H TL,932
1/17/2026,1325218515088HTMX0,185/65 R15_TAXIMAX_88 H TL,930
1/28/2026,1325218515088HTMX0,185/65 R15_TAXIMAX_88 H TL,928
1/8/2026,1D25213812090FXPC0,130/80R12 _ULTIMA XPC_90_F_TL_BAJAJ,922
1/27/2026,1325218515088HTMX0,185/65 R15_TAXIMAX_88 H TL,918
1/16/2026,1325218515088HTMX0,185/65 R15_TAXIMAX_88 H TL,918
1/10/2026,1325221416095VURL0,215/60 R 16 _UX ROYALE_95_V_TL,912
1/26/2026,1325221416095VURL0,215/60 R 16 _UX ROYALE_95_V_TL,908
1/28/2026,1325221416095VURL0,215/60 R 16 _UX ROYALE_95_V_TL,904
1/1/2026,1D25213812090FXPC0,130/80R12 _ULTIMA XPC_90_F_TL_BAJAJ,904
1/23/2026,1325216814085STMX0,165/80 R14_TAXIMAX_85 S TL,904
1/22/2026,1D25213812090FXPC0,130/80R12 _ULTIMA XPC_90_F_TL_BAJAJ,902
1/19/2026,1D25213812090FXPC0,130/80R12 _ULTIMA XPC_90_F_TL_BAJAJ,900
1/9/2026,1D25212812086FXPC0,120/80R12_ULTIMA XPC_86F_TL,900
1/4/2026,1325114812074TUHL0,145/80R12 ULTIMA HI^LIFE_TT,898
1/17/2026,1D25213812090FXPC0,130/80R12 _ULTIMA XPC_90_F_TL_BAJAJ,896
1/12/2026,1D25213812090FXPC0,130/80R12 _ULTIMA XPC_90_F_TL_BAJAJ,896
1/22/2026,1325218515088HTMX0,185/65 R15_TAXIMAX_88 H TL,894
1/11/2026,1325114812074TUHL0,145/80R12 ULTIMA HI^LIFE_TT,894
1/27/2026,1325214812074TUHL0,145/80R12 ULTIMA HI^LIFE_TL,892
1/12/2026,1325114812074TUHL0,145/80R12 ULTIMA HI^LIFE_TT,891
1/22/2026,1325216814085STMX0,165/80 R14_TAXIMAX_85 S TL,890
1/17/2026,1325221416095VURL0,215/60 R 16 _UX ROYALE_95_V_TL,890
1/2/2026,1D25212812086FXPC0,120/80R12_ULTIMA XPC_86F_TL,888
1/24/2026,1325221416095VURL0,215/60 R 16 _UX ROYALE_95_V_TL,888
1/2/2026,1D25212812074FXC10,120/80R12_ULTIMA XPC1_74_F_TL,888
1/16/2026,1325221416095VURL0,215/60 R 16 _UX ROYALE_95_V_TL,886
1/30/2026,1325221416095VURL0,215/60 R 16 _UX ROYALE_95_V_TL,886
1/5/2026,1325216814085STMX0,165/80 R14_TAXIMAX_85 S TL,884
1/17/2026,1325216814085STMX0,165/80 R14_TAXIMAX_85 S TL,884
1/3/2026,1325114812074TUHL0,145/80R12 ULTIMA HI^LIFE_TT,882
1/9/2026,1325114812074TUHL0,145/80R12 ULTIMA HI^LIFE_TT,880
1/8/2026,1D25212812074FXC10,120/80R12_ULTIMA XPC1_74_F_TL,879
1/7/2026,1D25212812074FXC10,120/80R12_ULTIMA XPC1_74_F_TL,878
1/5/2026,1325221416095VURL0,215/60 R 16 _UX ROYALE_95_V_TL,877
1/11/2026,1D25213812090FXPC0,130/80R12 _ULTIMA XPC_90_F_TL_BAJAJ,876
1/15/2026,1D25212812074FXC10,120/80R12_ULTIMA XPC1_74_F_TL,874
1/9/2026,1325221416095VURL0,215/60 R 16 _UX ROYALE_95_V_TL,874
1/20/2026,1325216814085STMX0,165/80 R14_TAXIMAX_85 S TL,866
1/10/2026,1325114812074TUHL0,145/80R12 ULTIMA HI^LIFE_TT,863
1/7/2026,1325216814085STMX0,165/80 R14_TAXIMAX_85 S TL,863
1/27/2026,1325216814085STMX0,165/80 R14_TAXIMAX_85 S TL,862
1/10/2026,1D25212812086FXPC0,120/80R12_ULTIMA XPC_86F_TL,856
1/2/2026,1325216814085STMX0,165/80 R14_TAXIMAX_85 S TL,856
1/3/2026,1325218515088HTMX0,185/65 R15_TAXIMAX_88 H TL,854
1/15/2026,1325221416095VURL0,215/60 R 16 _UX ROYALE_95_V_TL,848
1/10/2026,1D25213812090FXPC0,130/80R12 _ULTIMA XPC_90_F_TL_BAJAJ,848
1/23/2026,1325221416095VURL0,215/60 R 16 _UX ROYALE_95_V_TL,846
1/15/2026,1325216814085STMX0,165/80 R14_TAXIMAX_85 S TL,844
1/4/2026,1325216814085STMX0,165/80 R14_TAXIMAX_85 S TL,842
1/6/2026,1325114812074TUHL0,145/80R12 ULTIMA HI^LIFE_TT,840
1/15/2026,1D25213812090FXPC0,130/80R12 _ULTIMA XPC_90_F_TL_BAJAJ,840
1/1/2026,1325218515088HTMX0,185/65 R15_TAXIMAX_88 H TL,836
1/9/2026,1325218515088HTMX0,185/65 R15_TAXIMAX_88 H TL,836
1/20/2026,1325218515088HTMX0,185/65 R15_TAXIMAX_88 H TL,835
1/6/2026,1D25213812090FXPC0,130/80R12 _ULTIMA XPC_90_F_TL_BAJAJ,832
1/4/2026,1D25212812086FXPC0,120/80R12_ULTIMA XPC_86F_TL,832
1/12/2026,1D25212812086FXPC0,120/80R12_ULTIMA XPC_86F_TL,832
1/16/2026,1325214812074TUHL0,145/80R12 ULTIMA HI^LIFE_TL,828
1/27/2026,1D25213812090FXPC0,130/80R12 _ULTIMA XPC_90_F_TL_BAJAJ,826
1/19/2026,1325218515088HTMX0,185/65 R15_TAXIMAX_88 H TL,826
1/7/2026,1D25212812086FXPC0,120/80R12_ULTIMA XPC_86F_TL,822
1/11/2026,1325216814085STMX0,165/80 R14_TAXIMAX_85 S TL,820
1/8/2026,1325218515088HTMX0,185/65 R15_TAXIMAX_88 H TL,818
1/24/2026,1325218515088HTMX0,185/65 R15_TAXIMAX_88 H TL,812
1/29/2026,1325216814085STMX0,165/80 R14_TAXIMAX_85 S TL,810
1/9/2026,1325216814085STMX0,165/80 R14_TAXIMAX_85 S TL,810
1/9/2026,1D25213812090FXPC0,130/80R12 _ULTIMA XPC_90_F_TL_BAJAJ,808
1/11/2026,1325218515088HTMX0,185/65 R15_TAXIMAX_88 H TL,806
1/30/2026,1325218515088HTMX0,185/65 R15_TAXIMAX_88 H TL,806
1/18/2026,1325218515088HTMX0,185/65 R15_TAXIMAX_88 H TL,805
1/22/2026,1325214812074TUHL0,145/80R12 ULTIMA HI^LIFE_TL,805
1/28/2026,1325214812074TUHL0,145/80R12 ULTIMA HI^LIFE_TL,805
1/29/2026,1325221416095VURL0,215/60 R 16 _UX ROYALE_95_V_TL,804
1/1/2026,1D25212812086FXPC0,120/80R12_ULTIMA XPC_86F_TL,802
1/8/2026,1325216814085STMX0,165/80 R14_TAXIMAX_85 S TL,796
1/24/2026,1325214812074TUHL0,145/80R12 ULTIMA HI^LIFE_TL,796
1/1/2026,1325216814085STMX0,165/80 R14_TAXIMAX_85 S TL,792
1/7/2026,1325218515088HTMX0,185/65 R15_TAXIMAX_88 H TL,786
1/28/2026,1325216814085STMX0,165/80 R14_TAXIMAX_85 S TL,784
1/2/2026,1325218515088HTMX0,185/65 R15_TAXIMAX_88 H TL,780
1/23/2026,1325214812074TUHL0,145/80R12 ULTIMA HI^LIFE_TL,779
1/7/2026,1325114812074TUHL0,145/80R12 ULTIMA HI^LIFE_TT,778
1/29/2026,1325214812074TUHL0,145/80R12 ULTIMA HI^LIFE_TL,776
1/6/2026,1D25212812086FXPC0,120/80R12_ULTIMA XPC_86F_TL,774
1/25/2026,1325221416095VURL0,215/60 R 16 _UX ROYALE_95_V_TL,774
1/12/2026,1325218515088HTMX0,185/65 R15_TAXIMAX_88 H TL,773
1/4/2026,1D25213812090FXPC0,130/80R12 _ULTIMA XPC_90_F_TL_BAJAJ,773
1/8/2026,1D25212812086FXPC0,120/80R12_ULTIMA XPC_86F_TL,770
1/2/2026,1D25213812090FXPC0,130/80R12 _ULTIMA XPC_90_F_TL_BAJAJ,768
1/14/2026,1D25212812086FXPC0,120/80R12_ULTIMA XPC_86F_TL,768
1/8/2026,1325114812074TUHL0,145/80R12 ULTIMA HI^LIFE_TT,765
1/10/2026,1325216814085STMX0,165/80 R14_TAXIMAX_85 S TL,764
1/5/2026,1D25212812086FXPC0,120/80R12_ULTIMA XPC_86F_TL,764
1/21/2026,1325216814085STMX0,165/80 R14_TAXIMAX_85 S TL,762
1/19/2026,1325216814085STMX0,165/80 R14_TAXIMAX_85 S TL,762
1/14/2026,1325216814085STMX0,165/80 R14_TAXIMAX_85 S TL,762
1/16/2026,1D25212812074FXC10,120/80R12_ULTIMA XPC1_74_F_TL,760
1/3/2026,1325216814085STMX0,165/80 R14_TAXIMAX_85 S TL,760
1/30/2026,1325216814085STMX0,165/80 R14_TAXIMAX_85 S TL,759
1/26/2026,1D25213812090FXPC0,130/80R12 _ULTIMA XPC_90_F_TL_BAJAJ,759
1/12/2026,1325216814085STMX0,165/80 R14_TAXIMAX_85 S TL,756
1/24/2026,1325216814085STMX0,165/80 R14_TAXIMAX_85 S TL,756
1/26/2026,1325216814085STMX0,165/80 R14_TAXIMAX_85 S TL,755
1/14/2026,1325218515088HTMX0,185/65 R15_TAXIMAX_88 H TL,754
1/11/2026,1D25212812086FXPC0,120/80R12_ULTIMA XPC_86F_TL,748
1/12/2026,1325215813079STMX0,155/80 R13_TAXIMAX_79 S TL,743
1/26/2026,1325218515088HTMX0,185/65 R15_TAXIMAX_88 H TL,742
1/11/2026,1325215813079STMX0,155/80 R13_TAXIMAX_79 S TL,736
1/21/2026,1325214812074TUHL0,145/80R12 ULTIMA HI^LIFE_TL,735
1/30/2026,1325214812074TUHL0,145/80R12 ULTIMA HI^LIFE_TL,735
1/20/2026,1325214812074TUHL0,145/80R12 ULTIMA HI^LIFE_TL,733
1/6/2026,1325216814085STMX0,165/80 R14_TAXIMAX_85 S TL,728
1/10/2026,1325215813079STMX0,155/80 R13_TAXIMAX_79 S TL,724
1/5/2026,1325215813079STMX0,155/80 R13_TAXIMAX_79 S TL,722
1/26/2026,1325214812074TUHL0,145/80R12 ULTIMA HI^LIFE_TL,721
1/1/2026,1325215813079STMX0,155/80 R13_TAXIMAX_79 S TL,706
1/6/2026,1325215813079STMX0,155/80 R13_TAXIMAX_79 S TL,699
1/3/2026,1D25212812086FXPC0,120/80R12_ULTIMA XPC_86F_TL,698
1/25/2026,1325218515088HTMX0,185/65 R15_TAXIMAX_88 H TL,698
1/20/2026,1325217514082TTMX0,175/65 R14_TAXIMAX_82_T_TL,698
1/4/2026,1325215813079STMX0,155/80 R13_TAXIMAX_79 S TL,695
1/17/2026,1325217514082TTMX0,175/65 R14_TAXIMAX_82_T_TL,692
1/17/2026,1325214812074TUHL0,145/80R12 ULTIMA HI^LIFE_TL,692
1/27/2026,1325217514082TTMX0,175/65 R14_TAXIMAX_82_T_TL,683
1/10/2026,1325218515088HTMX0,185/65 R15_TAXIMAX_88 H TL,680
1/18/2026,1325216814085STMX0,165/80 R14_TAXIMAX_85 S TL,678
1/16/2026,1325216814085STMX0,165/80 R14_TAXIMAX_85 S TL,678
1/2/2026,1325215813079STMX0,155/80 R13_TAXIMAX_79 S TL,672
1/23/2026,1325218515088HTMX0,185/65 R15_TAXIMAX_88 H TL,672
1/7/2026,1325216814085TURL0,165/80R14_UX ROYALE_85T_MSIL_4Rib_TL,656
1/13/2026,1D25213812090FXPC0,130/80R12 _ULTIMA XPC_90_F_TL_BAJAJ,656
1/14/2026,1325221416095VURL0,215/60 R 16 _UX ROYALE_95_V_TL,654
1/24/2026,1325217514082TTMX0,175/65 R14_TAXIMAX_82_T_TL,654
1/25/2026,1325216814085STMX0,165/80 R14_TAXIMAX_85 S TL,652
1/18/2026,1325214812074TUHL0,145/80R12 ULTIMA HI^LIFE_TL,649
1/29/2026,1325221417100HURL1,215/60R17_UX ROYALE _100H XL TL_DOM REPL,648
1/28/2026,1325217514082TTMX0,175/65 R14_TAXIMAX_82_T_TL,648
1/26/2026,1325217514082TTMX0,175/65 R14_TAXIMAX_82_T_TL,647
1/3/2026,1325215813079STMX0,155/80 R13_TAXIMAX_79 S TL,647
1/16/2026,1325221715100SRHT0,215/75 R 15_RANGER H/T _100_S_TL,647
1/30/2026,1325221715100SRHT0,215/75 R 15_RANGER H/T _100_S_TL,647
1/25/2026,1325221715100SRHT0,215/75 R 15_RANGER H/T _100_S_TL,646
1/25/2026,1325214812074TUHL0,145/80R12 ULTIMA HI^LIFE_TL,642
1/12/2026,1325216814085TURL0,165/80R14_UX ROYALE_85T_MSIL_4Rib_TL,642
1/2/2026,1325221715100SRHT0,215/75 R 15_RANGER H/T _100_S_TL,638
1/4/2026,1325221715100SRHT0,215/75 R 15_RANGER H/T _100_S_TL,631
1/5/2026,1325221715100SRHT0,215/75 R 15_RANGER H/T _100_S_TL,630
1/10/2026,1325221715100SRHT0,215/75 R 15_RANGER H/T _100_S_TL,624
1/11/2026,1325216814085TURL0,165/80R14_UX ROYALE_85T_MSIL_4Rib_TL,624
1/4/2026,1325216814085TURL0,165/80R14_UX ROYALE_85T_MSIL_4Rib_TL,624
1/12/2026,1325221417100HURL1,215/60R17_UX ROYALE _100H XL TL_DOM REPL,623
1/13/2026,1D25212812086FXPC0,120/80R12_ULTIMA XPC_86F_TL,622
1/4/2026,1325216614081STMX0,165/70R14_ TAXIMAX _81 S TL,622
1/6/2026,1325221715100SRHT0,215/75 R 15_RANGER H/T _100_S_TL,620
1/18/2026,1325216614081STMX0,165/70R14_ TAXIMAX _81 S TL,620
1/18/2026,1325221715100SRHT0,215/75 R 15_RANGER H/T _100_S_TL,620
1/25/2026,1325217514082TTMX0,175/65 R14_TAXIMAX_82_T_TL,618
1/19/2026,1325221417100HURL1,215/60R17_UX ROYALE _100H XL TL_DOM REPL,616
1/9/2026,1325221715100SRHT0,215/75 R 15_RANGER H/T _100_S_TL,614
1/1/2026,1325221715100SRHT0,215/75 R 15_RANGER H/T _100_S_TL,612
1/29/2026,1325216614081STMX0,165/70R14_ TAXIMAX _81 S TL,612
1/22/2026,1325217514082TTMX0,175/65 R14_TAXIMAX_82_T_TL,610
1/5/2026,1325216614081STMX0,165/70R14_ TAXIMAX _81 S TL,608
1/17/2026,1325216614081STMX0,165/70R14_ TAXIMAX _81 S TL,608
1/13/2026,1D25212812074FXC10,120/80R12_ULTIMA XPC1_74_F_TL,606
1/30/2026,1325216614081STMX0,165/70R14_ TAXIMAX _81 S TL,606
1/18/2026,1325217514082TTMX0,175/65 R14_TAXIMAX_82_T_TL,604
1/25/2026,1325216614081STMX0,165/70R14_ TAXIMAX _81 S TL,602
1/4/2026,1325214612069TUHL0,145/70R12 ULTIMA HI^LIFE _69 T_TL,600
1/19/2026,1325214812074TUHL0,145/80R12 ULTIMA HI^LIFE_TL,599
1/30/2026,1325217514082HVECL,175/65R14_VECTRA_82 H_ EXPORT,598
1/20/2026,1325216614081STMX0,165/70R14_ TAXIMAX _81 S TL,598
1/21/2026,1325217514082TTMX0,175/65 R14_TAXIMAX_82_T_TL,596
1/27/2026,1325221715100SRHT0,215/75 R 15_RANGER H/T _100_S_TL,592
1/25/2026,1325221417100HURL1,215/60R17_UX ROYALE _100H XL TL_DOM REPL,590
1/14/2026,1325216614081STMX0,165/70R14_ TAXIMAX _81 S TL,590
1/21/2026,1325217514082HVECL,175/65R14_VECTRA_82 H_ EXPORT,586
1/13/2026,1325218515088HTMX0,185/65 R15_TAXIMAX_88 H TL,586
1/19/2026,1325213615099MSXT0,135/70R15 STAR XT_99M TL,584
1/15/2026,1325221715100SRHT0,215/75 R 15_RANGER H/T _100_S_TL,582
1/11/2026,1325221715100SRHT0,215/75 R 15_RANGER H/T _100_S_TL,582
1/5/2026,1325219316087VURL0,195/55 R16_UX ROYALE_87_V_TL,582
1/23/2026,1325216614081STMX0,165/70R14_ TAXIMAX _81 S TL,580
1/29/2026,1325217514082HVECL,175/65R14_VECTRA_82 H_ EXPORT,579
1/19/2026,1325217514082TTMX0,175/65 R14_TAXIMAX_82_T_TL,578
1/17/2026,1D25212812074FXC10,120/80R12_ULTIMA XPC1_74_F_TL,576
1/9/2026,1325215813079STMX0,155/80 R13_TAXIMAX_79 S TL,576
1/26/2026,1325217514082HVECL,175/65R14_VECTRA_82 H_ EXPORT,575
1/23/2026,1325217514082HVECL,175/65R14_VECTRA_82 H_ EXPORT,574
1/3/2026,1325216614081STMX0,165/70R14_ TAXIMAX _81 S TL,574
1/9/2026,1325216614081STMX0,165/70R14_ TAXIMAX _81 S TL,574
1/7/2026,1325215813079STMX0,155/80 R13_TAXIMAX_79 S TL,574
1/27/2026,1325221417100HURL1,215/60R17_UX ROYALE _100H XL TL_DOM REPL,570
1/19/2026,1325216614081STMX0,165/70R14_ TAXIMAX _81 S TL,570
1/23/2026,1325221715100SRHT0,215/75 R 15_RANGER H/T _100_S_TL,570
1/8/2026,1325215813079STMX0,155/80 R13_TAXIMAX_79 S TL,566
1/17/2026,1325221715100SRHT0,215/75 R 15_RANGER H/T _100_S_TL,564
1/16/2026,1325221417100HURL1,215/60R17_UX ROYALE _100H XL TL_DOM REPL,564
1/28/2026,1325221715100SRHT0,215/75 R 15_RANGER H/T _100_S_TL,563
1/6/2026,1325216814085TURL0,165/80R14_UX ROYALE_85T_MSIL_4Rib_TL,561
1/20/2026,1325213615099MSXT0,135/70R15 STAR XT_99M TL,557
1/18/2026,1325219416089HRHE0,195/60R16_RANGER HPE_89H TL_TML,556
1/11/2026,1325216614081STMX0,165/70R14_ TAXIMAX _81 S TL,555
1/20/2026,1325217514082HVECL,175/65R14_VECTRA_82 H_ EXPORT,555
1/30/2026,1225221715115SSTL0,215/75R15_STEELKING_S_TL,552
1/5/2026,1325216814085TURL0,165/80R14_UX ROYALE_85T_MSIL_4Rib_TL,550
1/7/2026,1325219316087VURL0,195/55 R16_UX ROYALE_87_V_TL,550
1/28/2026,1325213615099MSXT0,135/70R15 STAR XT_99M TL,548
1/28/2026,1225221715115SSTL0,215/75R15_STEELKING_S_TL,548
1/5/2026,1325214612069TUHL0,145/70R12 ULTIMA HI^LIFE _69 T_TL,548
1/10/2026,1325216814085TURL0,165/80R14_UX ROYALE_85T_MSIL_4Rib_TL,548
1/24/2026,1325221715100SRHT0,215/75 R 15_RANGER H/T _100_S_TL,548
1/6/2026,1325214612069TUHL0,145/70R12 ULTIMA HI^LIFE _69 T_TL,546
1/29/2026,1325213615099MSXT0,135/70R15 STAR XT_99M TL,545
1/8/2026,1325221417100HURL1,215/60R17_UX ROYALE _100H XL TL_DOM REPL,542
1/7/2026,1325221715100SRHT0,215/75 R 15_RANGER H/T _100_S_TL,542
1/25/2026,1325213615099MSXT0,135/70R15 STAR XT_99M TL,542
1/9/2026,1325219316087VURL0,195/55 R16_UX ROYALE_87_V_TL,542
1/29/2026,1325221715100SRHT0,215/75 R 15_RANGER H/T _100_S_TL,542
1/15/2026,1325214812074TUHL0,145/80R12 ULTIMA HI^LIFE_TL,540
1/3/2026,1325216814085TURL0,165/80R14_UX ROYALE_85T_MSIL_4Rib_TL,540
1/22/2026,1225221715115SSTL0,215/75R15_STEELKING_S_TL,540
1/13/2026,1325216814085STMX0,165/80 R14_TAXIMAX_85 S TL,540
1/27/2026,1325217514082HVECL,175/65R14_VECTRA_82 H_ EXPORT,540
1/22/2026,1325213615099MSXT0,135/70R15 STAR XT_99M TL,540
1/14/2026,1325221715100SRHT0,215/75 R 15_RANGER H/T _100_S_TL,537
1/30/2026,1325216814085TURL0,165/80R14_UX ROYALE_85T_MSIL_4Rib_TL,536
1/23/2026,1225221715115SSTL0,215/75R15_STEELKING_S_TL,536
1/26/2026,1325213615099MSXT0,135/70R15 STAR XT_99M TL,536
1/30/2026,1325213615099MSXT0,135/70R15 STAR XT_99M TL,535
1/7/2026,1225223516121PSKP0,235/65R16_STEELKING+_TL,534
1/8/2026,1325219316087VURL0,195/55 R16_UX ROYALE_87_V_TL,534
1/18/2026,1325217514082HVECL,175/65R14_VECTRA_82 H_ EXPORT,532
1/15/2026,1D25212812086FXPC0,120/80R12_ULTIMA XPC_86F_TL,532
1/16/2026,1325216614081STMX0,165/70R14_ TAXIMAX _81 S TL,530
1/1/2026,1325216814085TURL0,165/80R14_UX ROYALE_85T_MSIL_4Rib_TL,529
1/12/2026,1325216614081STMX0,165/70R14_ TAXIMAX _81 S TL,528
1/9/2026,1325216814085TURL0,165/80R14_UX ROYALE_85T_MSIL_4Rib_TL,526
1/25/2026,1225221715115SSTL0,215/75R15_STEELKING_S_TL,526
1/18/2026,1325213615099MSXT0,135/70R15 STAR XT_99M TL,524
1/15/2026,1325216614081STMX0,165/70R14_ TAXIMAX _81 S TL,524
1/29/2026,1325217514082TTMX0,175/65 R14_TAXIMAX_82_T_TL,524
1/25/2026,1325217514082HVECL,175/65R14_VECTRA_82 H_ EXPORT,524
1/23/2026,1325217514082TTMX0,175/65 R14_TAXIMAX_82_T_TL,521
1/2/2026,1225223516121PSKP0,235/65R16_STEELKING+_TL,520
1/26/2026,1325221417100HURL1,215/60R17_UX ROYALE _100H XL TL_DOM REPL,520
1/8/2026,1225223516121PSKP0,235/65R16_STEELKING+_TL,520
1/16/2026,1325119815106QBRQ0,195/80R15 BRUTE TT,520
1/17/2026,1325119815106QBRQ0,195/80R15 BRUTE TT,520
1/10/2026,1325216614081STMX0,165/70R14_ TAXIMAX _81 S TL,520
1/11/2026,1325219416089HRHE0,195/60R16_RANGER HPE_89H TL_TML,519
1/15/2026,1325219316087VURL0,195/55 R16_UX ROYALE_87_V_TL,518
1/29/2026,1225221715115SSTL0,215/75R15_STEELKING_S_TL,518
1/24/2026,1225221715115SSTL0,215/75R15_STEELKING_S_TL,516
1/21/2026,1225221715115SSTL0,215/75R15_STEELKING_S_TL,514
1/27/2026,1325213615099MSXT0,135/70R15 STAR XT_99M TL,514
1/20/2026,1225221715115SSTL0,215/75R15_STEELKING_S_TL,514
1/4/2026,1225223516121PSKP0,235/65R16_STEELKING+_TL,514
1/26/2026,1325221715100SRHT0,215/75 R 15_RANGER H/T _100_S_TL,513
1/6/2026,1225223516121PSKP0,235/65R16_STEELKING+_TL,512
1/20/2026,1325221715100SRHT0,215/75 R 15_RANGER H/T _100_S_TL,512
1/2/2026,1325119815106QBRQ0,195/80R15 BRUTE TT,512
1/3/2026,1325214612069TUHL0,145/70R12 ULTIMA HI^LIFE _69 T_TL,508
1/28/2026,1325220416092VURL0,205/60 R16_UX ROYALE_92_V_TL,508
1/2/2026,1325220515094VTMX0,205/65R15_TAXIMAX_94 V_TL,508
1/11/2026,1325219316087VURL0,195/55 R16_UX ROYALE_87_V_TL,508
1/26/2026,1325216614081STMX0,165/70R14_ TAXIMAX _81 S TL,506
1/9/2026,1225223516121PSKP0,235/65R16_STEELKING+_TL,504
1/29/2026,1325220416092VURL0,205/60 R16_UX ROYALE_92_V_TL,504
1/14/2026,1325219416089HRHE0,195/60R16_RANGER HPE_89H TL_TML,502
1/24/2026,1325216614081STMX0,165/70R14_ TAXIMAX _81 S TL,502
1/28/2026,1425118916008QRBT0,185/85R16 RANGER BRT_TT,502
1/2/2026,1325216614081STMX0,165/70R14_ TAXIMAX _81 S TL,502
1/9/2026,1325221417100HURL1,215/60R17_UX ROYALE _100H XL TL_DOM REPL,501
1/23/2026,1325213615099MSXT0,135/70R15 STAR XT_99M TL,500
1/9/2026,1325119815106QBRQ0,195/80R15 BRUTE TT,498
1/13/2026,1325215813079STMX0,155/80 R13_TAXIMAX_79 S TL,497
1/6/2026,1325219316087VURL0,195/55 R16_UX ROYALE_87_V_TL,496
1/17/2026,1325221417100HURL1,215/60R17_UX ROYALE _100H XL TL_DOM REPL,494
1/5/2026,1325119815106QBRQ0,195/80R15 BRUTE TT,494
1/3/2026,1325220515094VTMX0,205/65R15_TAXIMAX_94 V_TL,494
1/3/2026,1325119815106QBRQ0,195/80R15 BRUTE TT,494
1/28/2026,1325221417100HURL1,215/60R17_UX ROYALE _100H XL TL_DOM REPL,494
1/21/2026,1D25212812074FXC10,120/80R12_ULTIMA XPC1_74_F_TL,492
1/21/2026,1325213615099MSXT0,135/70R15 STAR XT_99M TL,492
1/18/2026,1D25212812074FXC10,120/80R12_ULTIMA XPC1_74_F_TL,492
1/30/2026,1325220416092VURL0,205/60 R16_UX ROYALE_92_V_TL,492
1/30/2026,1325217514082TTMX0,175/65 R14_TAXIMAX_82_T_TL,492
1/22/2026,1D25212812074FXC10,120/80R12_ULTIMA XPC1_74_F_TL,490
1/19/2026,1D25212812074FXC10,120/80R12_ULTIMA XPC1_74_F_TL,490
1/1/2026,1325119815106QBRQ0,195/80R15 BRUTE TT,490
1/16/2026,1325219316087VURL0,195/55 R16_UX ROYALE_87_V_TL,488
1/9/2026,1D25215013008SXC11,155R13_ULTIMA XPC1_8PR_S _TL_MSIL,486
1/14/2026,1D25215013008SXC11,155R13_ULTIMA XPC1_8PR_S _TL_MSIL,486
1/4/2026,1325119815106QBRQ0,195/80R15 BRUTE TT,486
1/8/2026,1325221715100SRHT0,215/75 R 15_RANGER H/T _100_S_TL,485
1/21/2026,1325216614081STMX0,165/70R14_ TAXIMAX _81 S TL,484
1/30/2026,1D25215013008SXC11,155R13_ULTIMA XPC1_8PR_S _TL_MSIL,484
1/27/2026,1425118916008QRBT0,185/85R16 RANGER BRT_TT,483
1/23/2026,1D25212812074FXC10,120/80R12_ULTIMA XPC1_74_F_TL,483
1/5/2026,1225223516121PSKP0,235/65R16_STEELKING+_TL,482
1/18/2026,1D25215013008SXC11,155R13_ULTIMA XPC1_8PR_S _TL_MSIL,480
1/18/2026,1325221417100HURL1,215/60R17_UX ROYALE _100H XL TL_DOM REPL,480
1/10/2026,1D25215013008SXC11,155R13_ULTIMA XPC1_8PR_S _TL_MSIL,480
1/15/2026,1D25215013008SXC11,155R13_ULTIMA XPC1_8PR_S _TL_MSIL,480
1/26/2026,1425118916008QRBT0,185/85R16 RANGER BRT_TT,478
1/1/2026,1325220515094VTMX0,205/65R15_TAXIMAX_94 V_TL,478
1/1/2026,1D25215013008SXC11,155R13_ULTIMA XPC1_8PR_S _TL_MSIL,478
1/11/2026,1225221715115SSTL0,215/75R15_STEELKING_S_TL,478
1/28/2026,1325216614081STMX0,165/70R14_ TAXIMAX _81 S TL,476
1/27/2026,1225221715115SSTL0,215/75R15_STEELKING_S_TL,476
1/3/2026,1D25215013008SXC11,155R13_ULTIMA XPC1_8PR_S _TL_MSIL,476
1/12/2026,1D25215013008SXC11,155R13_ULTIMA XPC1_8PR_S _TL_MSIL,476
1/24/2026,1325217514082HVECL,175/65R14_VECTRA_82 H_ EXPORT,476
1/18/2026,1225221715115SSTL0,215/75R15_STEELKING_S_TL,475
1/19/2026,1225221715115SSTL0,215/75R15_STEELKING_S_TL,474
1/10/2026,1325219416089HRHE0,195/60R16_RANGER HPE_89H TL_TML,474
1/3/2026,1225221715115SSTL0,215/75R15_STEELKING_S_TL,474
1/24/2026,1425118916008QRBT0,185/85R16 RANGER BRT_TT,473
1/16/2026,1325217514082TTMX0,175/65 R14_TAXIMAX_82_T_TL,472
1/7/2026,1D25215013008SXC11,155R13_ULTIMA XPC1_8PR_S _TL_MSIL,472
1/4/2026,1225221715115SSTL0,215/75R15_STEELKING_S_TL,472
1/10/2026,1325219316087VURL0,195/55 R16_UX ROYALE_87_V_TL,470
1/21/2026,1325219416089HRHE0,195/60R16_RANGER HPE_89H TL_TML,470
1/4/2026,1D25215013008SXC11,155R13_ULTIMA XPC1_8PR_S _TL_MSIL,470
1/7/2026,1325216614081STMX0,165/70R14_ TAXIMAX _81 S TL,470
1/26/2026,1D25215013008SXC11,155R13_ULTIMA XPC1_8PR_S _TL_MSIL,470
1/11/2026,1325221417100HURL1,215/60R17_UX ROYALE _100H XL TL_DOM REPL,469
1/24/2026,1D25212812086FXPC0,120/80R12_ULTIMA XPC_86F_TL,468
1/7/2026,1325219416089HRHE0,195/60R16_RANGER HPE_89H TL_TML,466
1/19/2026,1D25212812086FXPC0,120/80R12_ULTIMA XPC_86F_TL,466
1/17/2026,1225221715115SSTL0,215/75R15_STEELKING_S_TL,464
1/26/2026,1325220416092VURL0,205/60 R16_UX ROYALE_92_V_TL,464
1/9/2026,1225221715115SSTL0,215/75R15_STEELKING_S_TL,462
1/20/2026,1D25212812086FXPC0,120/80R12_ULTIMA XPC_86F_TL,462
1/24/2026,1325213615099MSXT0,135/70R15 STAR XT_99M TL,462
1/25/2026,1425118916008QRBT0,185/85R16 RANGER BRT_TT,462
1/10/2026,1225223516121PSKP0,235/65R16_STEELKING+_TL,460
1/10/2026,1225221715115SSTL0,215/75R15_STEELKING_S_TL,460
1/24/2026,1325221417100HURL1,215/60R17_UX ROYALE _100H XL TL_DOM REPL,459
1/23/2026,1D25212812086FXPC0,120/80R12_ULTIMA XPC_86F_TL,458
1/22/2026,1D25212812086FXPC0,120/80R12_ULTIMA XPC_86F_TL,458
1/3/2026,1325220515094VUTR0,205/65R15_UX TOURING_94V TL,458
1/17/2026,1325219316087VURL0,195/55 R16_UX ROYALE_87_V_TL,458
1/10/2026,1325119815106QBRQ0,195/80R15 BRUTE TT,458
1/21/2026,1325221715100SRHT0,215/75 R 15_RANGER H/T _100_S_TL,457
1/12/2026,1225223516121PSKP0,235/65R16_STEELKING+_TL,457
1/19/2026,1325221715100SRHT0,215/75 R 15_RANGER H/T _100_S_TL,456
1/20/2026,1325216814085TURL0,165/80R14_UX ROYALE_85T_MSIL_4Rib_TL,456
1/2/2026,1325216814085TURL0,165/80R14_UX ROYALE_85T_MSIL_4Rib_TL,454
1/7/2026,1225221715115SSTL0,215/75R15_STEELKING_S_TL,454
1/8/2026,1325119815106QBRQ0,195/80R15 BRUTE TT,454
1/6/2026,1325119815106QBRQ0,195/80R15 BRUTE TT,452
1/11/2026,1D25215013008SXC11,155R13_ULTIMA XPC1_8PR_S _TL_MSIL,452
1/3/2026,1325221715100SRHT0,215/75 R 15_RANGER H/T _100_S_TL,452
1/6/2026,1225221715115SSTL0,215/75R15_STEELKING_S_TL,452
1/22/2026,1D25215013008SXC11,155R13_ULTIMA XPC1_8PR_S _TL_MSIL,452
1/1/2026,1325218515088HUTR0,185/65R15_UX TOURING_88H TL,450
1/5/2026,1225221715115SSTL0,215/75R15_STEELKING_S_TL,450
1/8/2026,1D25215013008SXC11,155R13_ULTIMA XPC1_8PR_S _TL_MSIL,450
1/24/2026,1325216814085TURL0,165/80R14_UX ROYALE_85T_MSIL_4Rib_TL,450
1/18/2026,1D25212812086FXPC0,120/80R12_ULTIMA XPC_86F_TL,449
1/4/2026,1325220515094VUTR0,205/65R15_UX TOURING_94V TL,448
1/15/2026,1325119815106QBRQ0,195/80R15 BRUTE TT,448
1/18/2026,1325216814085TURL0,165/80R14_UX ROYALE_85T_MSIL_4Rib_TL,445
1/15/2026,1325221417100HURL1,215/60R17_UX ROYALE _100H XL TL_DOM REPL,444
1/30/2026,1425118916008QRBT0,185/85R16 RANGER BRT_TT,444
1/15/2026,1225221715115SSTL0,215/75R15_STEELKING_S_TL,444
1/26/2026,1325216814085TURL0,165/80R14_UX ROYALE_85T_MSIL_4Rib_TL,444
1/27/2026,1D25215013008SXC11,155R13_ULTIMA XPC1_8PR_S _TL_MSIL,442
1/20/2026,1325221417100HURL1,215/60R17_UX ROYALE _100H XL TL_DOM REPL,442
1/25/2026,1325216814085TURL0,165/80R14_UX ROYALE_85T_MSIL_4Rib_TL,442
1/14/2026,1225221715115SSTL0,215/75R15_STEELKING_S_TL,442
1/4/2026,1325221416095VURL0,215/60 R 16 _UX ROYALE_95_V_TL,441
1/13/2026,1325114812074TUHL0,145/80R12 ULTIMA HI^LIFE_TT,441
1/27/2026,1325216614081STMX0,165/70R14_ TAXIMAX _81 S TL,440
1/4/2026,1325221417100HURL1,215/60R17_UX ROYALE _100H XL TL_DOM REPL,438
1/8/2026,1325216814085TURL0,165/80R14_UX ROYALE_85T_MSIL_4Rib_TL,438
1/7/2026,1325119815106QBRQ0,195/80R15 BRUTE TT,438
1/2/2026,1D25215013008SXC11,155R13_ULTIMA XPC1_8PR_S _TL_MSIL,438
1/8/2026,1325216614081STMX0,165/70R14_ TAXIMAX _81 S TL,438
1/28/2026,1325216814085TURL0,165/80R14_UX ROYALE_85T_MSIL_4Rib_TL,436
1/6/2026,1325221417100HURL1,215/60R17_UX ROYALE _100H XL TL_DOM REPL,436
1/26/2026,1D25215Z13008QXPC0,155R13_ULTIMA XPC_8PR_Q_TL,436
1/15/2026,1325216814085TURL0,165/80R14_UX ROYALE_85T_MSIL_4Rib_TL,436
1/2/2026,1325218515088HUTR0,185/65R15_UX TOURING_88H TL,436
1/16/2026,1225221715115SSTL0,215/75R15_STEELKING_S_TL,433
1/25/2026,1D25215013008SXC11,155R13_ULTIMA XPC1_8PR_S _TL_MSIL,433
1/16/2026,1325219416089HRHE0,195/60R16_RANGER HPE_89H TL_TML,432
1/25/2026,1D25212812086FXPC0,120/80R12_ULTIMA XPC_86F_TL,432
1/6/2026,1325216614081STMX0,165/70R14_ TAXIMAX _81 S TL,432
1/23/2026,1325221417100HURL1,215/60R17_UX ROYALE _100H XL TL_DOM REPL,431
1/14/2026,1D25215Z13008QXPC0,155R13_ULTIMA XPC_8PR_Q_TL,430
1/12/2026,1225221715115SSTL0,215/75R15_STEELKING_S_TL,430
1/27/2026,1D25212812086FXPC0,120/80R12_ULTIMA XPC_86F_TL,430
1/2/2026,1225221715115SSTL0,215/75R15_STEELKING_S_TL,430
1/19/2026,1325216814085TURL0,165/80R14_UX ROYALE_85T_MSIL_4Rib_TL,428
1/19/2026,1D25215Z13008QXPC0,155R13_ULTIMA XPC_8PR_Q_TL,428
1/14/2026,1325215813079STMX0,155/80 R13_TAXIMAX_79 S TL,427
1/28/2026,1D25215013008SXC11,155R13_ULTIMA XPC1_8PR_S _TL_MSIL,426
1/25/2026,1D25212812074FXC10,120/80R12_ULTIMA XPC1_74_F_TL,426
1/22/2026,1325221715100SRHT0,215/75 R 15_RANGER H/T _100_S_TL,426
1/27/2026,1325216814085TURL0,165/80R14_UX ROYALE_85T_MSIL_4Rib_TL,426
1/19/2026,1225223516121PSKP0,235/65R16_STEELKING+_TL,426
1/16/2026,1325217514082HVECL,175/65R14_VECTRA_82 H_ EXPORT,426
1/3/2026,1225223516121PSKP0,235/65R16_STEELKING+_TL,426
1/17/2026,1325213615099MSXT0,135/70R15 STAR XT_99M TL,425
1/18/2026,1225223516121PSKP0,235/65R16_STEELKING+_TL,425
1/2/2026,1325221417100HURL1,215/60R17_UX ROYALE _100H XL TL_DOM REPL,424
1/9/2026,1325219416089HRHE0,195/60R16_RANGER HPE_89H TL_TML,424
1/30/2026,1325218515088HUTR0,185/65R15_UX TOURING_88H TL,424
1/8/2026,1325219416089HRHE0,195/60R16_RANGER HPE_89H TL_TML,424
1/16/2026,1225223516121PSKP0,235/65R16_STEELKING+_TL,424
1/24/2026,1D25212812074FXC10,120/80R12_ULTIMA XPC1_74_F_TL,420
1/2/2026,1325220516095HTMX0,205/65R16_TAXIMAX_95 H TL,420
1/20/2026,1225223516121PSKP0,235/65R16_STEELKING+_TL,419
1/16/2026,1325216814085TURL0,165/80R14_UX ROYALE_85T_MSIL_4Rib_TL,418
1/12/2026,1325221715100SRHT0,215/75 R 15_RANGER H/T _100_S_TL,417
1/19/2026,1325219416089HRHE0,195/60R16_RANGER HPE_89H TL_TML,416
1/21/2026,1225223516121PSKP0,235/65R16_STEELKING+_TL,416
1/29/2026,1D25215013008SXC11,155R13_ULTIMA XPC1_8PR_S _TL_MSIL,416
1/22/2026,1325221417100HURL1,215/60R17_UX ROYALE _100H XL TL_DOM REPL,415
1/28/2026,1D25212812086FXPC0,120/80R12_ULTIMA XPC_86F_TL,414
1/1/2026,1325216614081STMX0,165/70R14_ TAXIMAX _81 S TL,414
1/7/2026,1325221417100HURL1,215/60R17_UX ROYALE _100H XL TL_DOM REPL,414
1/15/2026,1225223516121PSKP0,235/65R16_STEELKING+_TL,414
1/5/2026,1325221417100HURL1,215/60R17_UX ROYALE _100H XL TL_DOM REPL,413
1/30/2026,1325221417100HURL1,215/60R17_UX ROYALE _100H XL TL_DOM REPL,412
1/13/2026,1325216614081STMX0,165/70R14_ TAXIMAX _81 S TL,412
1/17/2026,1225223516121PSKP0,235/65R16_STEELKING+_TL,411
1/25/2026,1325220416092VURL0,205/60 R16_UX ROYALE_92_V_TL,410
1/29/2026,1D25215Z13008QXPC0,155R13_ULTIMA XPC_8PR_Q_TL,410
1/14/2026,1325216814085TURL0,165/80R14_UX ROYALE_85T_MSIL_4Rib_TL,409
1/14/2026,1325119815106QBRQ0,195/80R15 BRUTE TT,408
1/1/2026,1325220516095HTMX0,205/65R16_TAXIMAX_95 H TL,408
1/11/2026,1325119815106QBRQ0,195/80R15 BRUTE TT,406
1/22/2026,1325216614081STMX0,165/70R14_ TAXIMAX _81 S TL,404
1/21/2026,1325215613075TUHL0,155/70R13_ULTIMA HI^LIFE_75T TL,404
1/1/2026,1325216614081SUTR0,165/70R14_ UX TOURING _81 S TL,404
1/24/2026,1D25215Z13008QXPC0,155R13_ULTIMA XPC_8PR_Q_TL,404
1/13/2026,1325221416095VURL0,215/60 R 16 _UX ROYALE_95_V_TL,403
1/22/2026,1325217514082HVECL,175/65R14_VECTRA_82 H_ EXPORT,402
1/5/2026,1325219416089HRHE0,195/60R16_RANGER HPE_89H TL_TML,402
1/16/2026,1325213615099MSXT0,135/70R15 STAR XT_99M TL,401
1/25/2026,1325217614084HURL2,175/70 R14 _UXROYALE_84H_4Rib _TL,400
1/27/2026,1325220416092VURL0,205/60 R16_UX ROYALE_92_V_TL,400
1/5/2026,1325216614081SUTR0,165/70R14_ UX TOURING _81 S TL,400
1/21/2026,1325216814085TURL0,165/80R14_UX ROYALE_85T_MSIL_4Rib_TL,400
1/20/2026,1D25215Z13008QXPC0,155R13_ULTIMA XPC_8PR_Q_TL,399
1/17/2026,1325216814085TURL0,165/80R14_UX ROYALE_85T_MSIL_4Rib_TL,398
1/22/2026,1325216814085TURL0,165/80R14_UX ROYALE_85T_MSIL_4Rib_TL,398
1/9/2026,1325218514086HURL0,185/65R14_UX ROYALE_86 H  TL,398
1/28/2026,1325217514082HVECL,175/65R14_VECTRA_82 H_ EXPORT,398
1/21/2026,1D25212812086FXPC0,120/80R12_ULTIMA XPC_86F_TL,398
1/13/2026,1325221715100SRHT0,215/75 R 15_RANGER H/T _100_S_TL,398
1/2/2026,1325214612069TUHL0,145/70R12 ULTIMA HI^LIFE _69 T_TL,397
1/12/2026,1325214613071TTMX0,145/70R13_TAXIMAX_71T TL,394
1/10/2026,1325221417100HURL1,215/60R17_UX ROYALE _100H XL TL_DOM REPL,393
1/15/2026,1325219416089HRHE0,195/60R16_RANGER HPE_89H TL_TML,392
1/24/2026,1325217614084HURL2,175/70 R14 _UXROYALE_84H_4Rib _TL,392
1/26/2026,1225221715115SSTL0,215/75R15_STEELKING_S_TL,392
1/4/2026,1325216614081SUTR0,165/70R14_ UX TOURING _81 S TL,392
1/1/2026,1325217415081HUTR0,175/60R15_UX TOURING_81H TL,390
1/10/2026,1325217613082TUNE0,175/70R13 ULTIMA NEO 82T TL,388
1/14/2026,1325221417100HURL1,215/60R17_UX ROYALE _100H XL TL_DOM REPL,388
1/9/2026,1325214613071TTMX0,145/70R13_TAXIMAX_71T TL,388
1/29/2026,1D25212812086FXPC0,120/80R12_ULTIMA XPC_86F_TL,388
1/26/2026,1325217614084HURL2,175/70 R14 _UXROYALE_84H_4Rib _TL,386
1/20/2026,1325218614088TVECE,185/70R14_ VECTRA _88 T TL_BRAZIL EXPORT,386
1/7/2026,1325216614081SUTR0,165/70R14_ UX TOURING _81 S TL,386
1/19/2026,1325215613075TUHL0,155/70R13_ULTIMA HI^LIFE_75T TL,386
1/12/2026,1325217614084HURL2,175/70 R14 _UXROYALE_84H_4Rib _TL,386
1/11/2026,1325214613071TTMX0,145/70R13_TAXIMAX_71T TL,384
1/20/2026,1D25215013008SXC11,155R13_ULTIMA XPC1_8PR_S _TL_MSIL,384
1/27/2026,1325217614084HURL2,175/70 R14 _UXROYALE_84H_4Rib _TL,383
1/11/2026,1225223516121PSKP0,235/65R16_STEELKING+_TL,382
1/13/2026,1325219316087VURL0,195/55 R16_UX ROYALE_87_V_TL,382
1/3/2026,1325216814085SUTR0,165/80R14_UX TOURING_85S TL,382
1/23/2026,1325219416089HRHE0,195/60R16_RANGER HPE_89H TL_TML,381
1/6/2026,1325220515094VUTR0,205/65R15_UX TOURING_94V TL,380
1/9/2026,1325217613082TUNE0,175/70R13 ULTIMA NEO 82T TL,380
1/5/2026,1325217613082TUNE0,175/70R13 ULTIMA NEO 82T TL,380
1/6/2026,1D25215013008SXC11,155R13_ULTIMA XPC1_8PR_S _TL_MSIL,380
1/30/2026,1325217614084HURL2,175/70 R14 _UXROYALE_84H_4Rib _TL,380
1/21/2026,1325218614088TVECE,185/70R14_ VECTRA _88 T TL_BRAZIL EXPORT,380
1/28/2026,1325217614084HURL2,175/70 R14 _UXROYALE_84H_4Rib _TL,380
1/11/2026,1325220515094VUTR0,205/65R15_UX TOURING_94V TL,380
1/30/2026,1325216814085SUTR0,165/80R14_UX TOURING_85S TL,378
1/30/2026,1325215613075TTMX0,155/70R13_TAXIMAX_75 T_TL,378
1/3/2026,1325218515088HUTR0,185/65R15_UX TOURING_88H TL,378
1/29/2026,1325215613075TTMX0,155/70R13_TAXIMAX_75 T_TL,378
1/10/2026,1325218514086HURL0,185/65R14_UX ROYALE_86 H  TL,378
1/21/2026,1325217614084HURL2,175/70 R14 _UXROYALE_84H_4Rib _TL,376
1/23/2026,1D25215013008SXC11,155R13_ULTIMA XPC1_8PR_S _TL_MSIL,376
1/17/2026,1325215813079SUHL0,155/80 R13_ULTIMA HI^LIFE_79 S TL,376
1/17/2026,1D25215Z13008QXPC0,155R13_ULTIMA XPC_8PR_Q_TL,376
1/3/2026,1325216614081SUTR0,165/70R14_ UX TOURING _81 S TL,376
1/2/2026,1325215813079SUHL0,155/80 R13_ULTIMA HI^LIFE_79 S TL,376
1/24/2026,1325213612065SULX1,135/70R12 Ultima LXT 65S TL FOR BAL,376
1/25/2026,1325220515094VUTR0,205/65R15_UX TOURING_94V TL,375
1/20/2026,1D25212812074FXC10,120/80R12_ULTIMA XPC1_74_F_TL,374
1/4/2026,1325217613082TUNE0,175/70R13 ULTIMA NEO 82T TL,374
1/10/2026,1325218614088TVECE,185/70R14_ VECTRA _88 T TL_BRAZIL EXPORT,374
1/5/2026,1325218515088TURL0,185/65R15_88T_UX ROYALE_ TL,374
1/3/2026,1325221417100HURL1,215/60R17_UX ROYALE _100H XL TL_DOM REPL,374
1/29/2026,1325217614084HURL2,175/70 R14 _UXROYALE_84H_4Rib _TL,374
1/14/2026,1325217514082HVECL,175/65R14_VECTRA_82 H_ EXPORT,374
1/17/2026,1325218614088TVECE,185/70R14_ VECTRA _88 T TL_BRAZIL EXPORT,374
1/2/2026,1325217415081HUTR0,175/60R15_UX TOURING_81H TL,374
1/18/2026,1325218614088TVECE,185/70R14_ VECTRA _88 T TL_BRAZIL EXPORT,374
1/18/2026,1325217614084HURL2,175/70 R14 _UXROYALE_84H_4Rib _TL,374
1/23/2026,1325220515094VUTR0,205/65R15_UX TOURING_94V TL,374
1/21/2026,1D25215Z13008QXPC0,155R13_ULTIMA XPC_8PR_Q_TL,372
1/21/2026,1D25215013008SXC11,155R13_ULTIMA XPC1_8PR_S _TL_MSIL,372
1/26/2026,1D25212812086FXPC0,120/80R12_ULTIMA XPC_86F_TL,372
1/15/2026,1D25215Z13008QXPC0,155R13_ULTIMA XPC_8PR_Q_TL,372
1/3/2026,1325218515088TURL0,185/65R15_88T_UX ROYALE_ TL,371
1/27/2026,1325216814085SUTR0,165/80R14_UX TOURING_85S TL,370
1/28/2026,1325215813079SUHL0,155/80 R13_ULTIMA HI^LIFE_79 S TL,370
1/27/2026,1325215613075TUHL0,155/70R13_ULTIMA HI^LIFE_75T TL,370
1/29/2026,1325220515094VUTR0,205/65R15_UX TOURING_94V TL,370
1/20/2026,1325215613075TTMX0,155/70R13_TAXIMAX_75 T_TL,368
1/2/2026,1325220515094VUTR0,205/65R15_UX TOURING_94V TL,368
1/1/2026,1325216814085SUTR0,165/80R14_UX TOURING_85S TL,368
1/28/2026,1325216814085SUTR0,165/80R14_UX TOURING_85S TL,366
1/29/2026,1325213612065SULX1,135/70R12 Ultima LXT 65S TL FOR BAL,366
1/27/2026,1325220515094VUTR0,205/65R15_UX TOURING_94V TL,366
1/5/2026,1325216814085SUTR0,165/80R14_UX TOURING_85S TL,366
1/12/2026,1325220515094VUTR0,205/65R15_UX TOURING_94V TL,366
1/7/2026,1325218514086HURL0,185/65R14_UX ROYALE_86 H  TL,365
1/20/2026,1325219416089HRHE0,195/60R16_RANGER HPE_89H TL_TML,365
1/4/2026,1325216814085SUTR0,165/80R14_UX TOURING_85S TL,364
1/22/2026,1325218614088TVECE,185/70R14_ VECTRA _88 T TL_BRAZIL EXPORT,364
1/17/2026,1325217514082HVECL,175/65R14_VECTRA_82 H_ EXPORT,364
1/29/2026,1425118916008QRBT0,185/85R16 RANGER BRT_TT,364
1/20/2026,1325215813079SUHL0,155/80 R13_ULTIMA HI^LIFE_79 S TL,363
1/5/2026,1325223715105SRXT0,235/75R15 _RANGER X-A/T_105 S_TL,363
1/8/2026,1325215813079SUHL0,155/80 R13_ULTIMA HI^LIFE_79 S TL,362
1/18/2026,1325220515094VUTR0,205/65R15_UX TOURING_94V TL,362
1/12/2026,1D25215Z13008QXPC0,155R13_ULTIMA XPC_8PR_Q_TL,362
1/22/2026,1325215613075TTMX0,155/70R13_TAXIMAX_75 T_TL,362
1/19/2026,1325213612065SULX1,135/70R12 Ultima LXT 65S TL FOR BAL,362
1/11/2026,1325216614081SUTR0,165/70R14_ UX TOURING _81 S TL,360
1/19/2026,1325217614084HURL2,175/70 R14 _UXROYALE_84H_4Rib _TL,360
1/17/2026,1325218515088HUTR0,185/65R15_UX TOURING_88H TL,360
1/17/2026,1325220515094VUTR0,205/65R15_UX TOURING_94V TL,360
1/10/2026,1325214613071TTMX0,145/70R13_TAXIMAX_71T TL,360
1/28/2026,1325218515088HUTR0,185/65R15_UX TOURING_88H TL,360
1/18/2026,1325218515088HUTR0,185/65R15_UX TOURING_88H TL,360
1/29/2026,1325215813079SUHL0,155/80 R13_ULTIMA HI^LIFE_79 S TL,360
1/23/2026,1325218614088TVECE,185/70R14_ VECTRA _88 T TL_BRAZIL EXPORT,359
1/28/2026,1325213612065SULX1,135/70R12 Ultima LXT 65S TL FOR BAL,358
1/16/2026,1D25215013008SXC11,155R13_ULTIMA XPC1_8PR_S _TL_MSIL,358
1/6/2026,1325217613082TUNE0,175/70R13 ULTIMA NEO 82T TL,358
1/4/2026,1325215813079SUHL0,155/80 R13_ULTIMA HI^LIFE_79 S TL,358
1/29/2026,1325215613075TUHL0,155/70R13_ULTIMA HI^LIFE_75T TL,356
1/12/2026,1325216614081SUTR0,165/70R14_ UX TOURING _81 S TL,356
1/23/2026,1425118916008QRBT0,185/85R16 RANGER BRT_TT,355
1/7/2026,1325223517104HRHT0,235/65 R17_RANGER H/T _104_H_TL,354
1/1/2026,1325221417100HURL1,215/60R17_UX ROYALE _100H XL TL_DOM REPL,354
1/21/2026,1325218515088HUTR0,185/65R15_UX TOURING_88H TL,354
1/19/2026,1D25215013008SXC11,155R13_ULTIMA XPC1_8PR_S _TL_MSIL,352
1/17/2026,1325217614084HURL2,175/70 R14 _UXROYALE_84H_4Rib _TL,352
1/26/2026,1325218515088HUTR0,185/65R15_UX TOURING_88H TL,350
1/4/2026,1325218515088TURL0,185/65R15_88T_UX ROYALE_ TL,350
1/18/2026,1325213612065SULX1,135/70R12 Ultima LXT 65S TL FOR BAL,350
1/7/2026,1325217613082TUNE0,175/70R13 ULTIMA NEO 82T TL,350
1/8/2026,1325218515088TURL0,185/65R15_88T_UX ROYALE_ TL,350
1/29/2026,1325218515088HUTR0,185/65R15_UX TOURING_88H TL,350
1/23/2026,1D25215Z13008QXPC0,155R13_ULTIMA XPC_8PR_Q_TL,350
1/7/2026,1325123715105SBRT0,235/75R15 BRUTE 4X4_105_S_TT,350
1/13/2026,1325217614084HURL2,175/70 R14 _UXROYALE_84H_4Rib _TL,350
1/12/2026,1325215613075TUHL0,155/70R13_ULTIMA HI^LIFE_75T TL,348
1/26/2026,1325213612065SULX1,135/70R12 Ultima LXT 65S TL FOR BAL,348
1/5/2026,1325215813079SUHL0,155/80 R13_ULTIMA HI^LIFE_79 S TL,348
1/1/2026,1225221715115SSTL0,215/75R15_STEELKING_S_TL,348
1/17/2026,1225121715115SSTL0,215/75R15_STEELKING_S_TT,348
1/20/2026,1325218515088HUTR0,185/65R15_UX TOURING_88H TL,348
1/17/2026,1D25212812086FXPC0,120/80R12_ULTIMA XPC_86F_TL,348
1/11/2026,1325218614088TVECE,185/70R14_ VECTRA _88 T TL_BRAZIL EXPORT,347
1/23/2026,1325216814085TURL0,165/80R14_UX ROYALE_85T_MSIL_4Rib_TL,347
1/25/2026,1325215813079SUHL0,155/80 R13_ULTIMA HI^LIFE_79 S TL,346
1/26/2026,1325220515094VUTR0,205/65R15_UX TOURING_94V TL,346
1/14/2026,1225223516121PSKP0,235/65R16_STEELKING+_TL,346
1/26/2026,1325220516095HUTR0,205/65R16_UX TOURING_95H TL,346
1/8/2026,1325219316087VUTR0,195/55 R16 UX TOURING_87_V_TL,345
1/6/2026,1325219316087VUTR0,195/55 R16 UX TOURING_87_V_TL,344
1/30/2026,1325220516095HUTR0,205/65R16_UX TOURING_95H TL,344
1/3/2026,1325223715105SRXT0,235/75R15 _RANGER X-A/T_105 S_TL,344
1/10/2026,1325220515094VUTR0,205/65R15_UX TOURING_94V TL,344
1/22/2026,1325219316087VUTR0,195/55 R16 UX TOURING_87_V_TL,344
1/12/2026,1325218614088TVECE,185/70R14_ VECTRA _88 T TL_BRAZIL EXPORT,343
1/11/2026,1325215813079SUHL0,155/80 R13_ULTIMA HI^LIFE_79 S TL,342
1/3/2026,1325219316087VUTR0,195/55 R16 UX TOURING_87_V_TL,342
1/28/2026,1325219316087VUTR0,195/55 R16 UX TOURING_87_V_TL,342
1/24/2026,1325215813079SUHL0,155/80 R13_ULTIMA HI^LIFE_79 S TL,342
1/1/2026,1325218515088TURL0,185/65R15_88T_UX ROYALE_ TL,342
1/10/2026,1325218515088TURL0,185/65R15_88T_UX ROYALE_ TL,342
1/16/2026,1325218614088TVECE,185/70R14_ VECTRA _88 T TL_BRAZIL EXPORT,342
1/24/2026,1D25215013008SXC11,155R13_ULTIMA XPC1_8PR_S _TL_MSIL,342
1/5/2026,1325223517104HRHT0,235/65 R17_RANGER H/T _104_H_TL,342
1/9/2026,1325216614081SUTR0,165/70R14_ UX TOURING _81 S TL,340
1/8/2026,1325217613082TUNE0,175/70R13 ULTIMA NEO 82T TL,340
1/1/2026,1225223516121PSKP0,235/65R16_STEELKING+_TL,340
1/27/2026,1325217413077TUSP0,175/60R13_ULTIMA SPORT_77_T_TL,340
1/29/2026,1325220516095HUTR0,205/65R16_UX TOURING_95H TL,339
1/20/2026,1325215613075TUHL0,155/70R13_ULTIMA HI^LIFE_75T TL,338
1/27/2026,1325220516095HUTR0,205/65R16_UX TOURING_95H TL,338
1/22/2026,1225223516121PSKP0,235/65R16_STEELKING+_TL,338
1/22/2026,1325217614084HURL2,175/70 R14 _UXROYALE_84H_4Rib _TL,338
1/2/2026,1325216614081SUTR0,165/70R14_ UX TOURING _81 S TL,338
1/11/2026,1325219316087VUTR0,195/55 R16 UX TOURING_87_V_TL,337
1/30/2026,1325213612065SULX1,135/70R12 Ultima LXT 65S TL FOR BAL,336
1/28/2026,1325220516095HUTR0,205/65R16_UX TOURING_95H TL,336
1/20/2026,1325217614084HURL2,175/70 R14 _UXROYALE_84H_4Rib _TL,336
1/15/2026,1325218614088TVECE,185/70R14_ VECTRA _88 T TL_BRAZIL EXPORT,336
1/2/2026,1325218515088TURL0,185/65R15_88T_UX ROYALE_ TL,335
1/30/2026,1D25215Z13008QXPC0,155R13_ULTIMA XPC_8PR_Q_TL,334
1/25/2026,1D25215Z13008QXPC0,155R13_ULTIMA XPC_8PR_Q_TL,334
1/20/2026,1325219316087VUTR0,195/55 R16 UX TOURING_87_V_TL,334
1/16/2026,1D25215Z13008QXPC0,155R13_ULTIMA XPC_8PR_Q_TL,333
1/11/2026,1325218514086HURL0,185/65R14_UX ROYALE_86 H  TL,332
1/7/2026,1325215813079SUHL0,155/80 R13_ULTIMA HI^LIFE_79 S TL,332
1/9/2026,1325219316087VUTR0,195/55 R16 UX TOURING_87_V_TL,332
1/12/2026,1325219316087VUTR0,195/55 R16 UX TOURING_87_V_TL,332
1/13/2026,1225223516121PSKP0,235/65R16_STEELKING+_TL,332
1/12/2026,1325219416089HRHE0,195/60R16_RANGER HPE_89H TL_TML,330
1/30/2026,1325219316087VUTR0,195/55 R16 UX TOURING_87_V_TL,330
1/14/2026,1325219316087VURL0,195/55 R16_UX ROYALE_87_V_TL,330
1/25/2026,1325215613075TTMX0,155/70R13_TAXIMAX_75 T_TL,329
1/20/2026,1325213612065SULX1,135/70R12 Ultima LXT 65S TL FOR BAL,328
1/2/2026,1325223517104HRHT0,235/65 R17_RANGER H/T _104_H_TL,328
1/18/2026,1325215613075TUHL0,155/70R13_ULTIMA HI^LIFE_75T TL,328
1/1/2026,1325219316087VUTR0,195/55 R16 UX TOURING_87_V_TL,328
1/14/2026,1325218614088TVECE,185/70R14_ VECTRA _88 T TL_BRAZIL EXPORT,328
1/30/2026,1D25212812074FXC10,120/80R12_ULTIMA XPC1_74_F_TL,326
1/23/2026,1325215613075TTMX0,155/70R13_TAXIMAX_75 T_TL,326
1/5/2026,1D25215013008SXC11,155R13_ULTIMA XPC1_8PR_S _TL_MSIL,325
1/8/2026,1225221715115SSTL0,215/75R15_STEELKING_S_TL,324
1/13/2026,1D25215013008SXC11,155R13_ULTIMA XPC1_8PR_S _TL_MSIL,324
1/4/2026,1325219316087VUTR0,195/55 R16 UX TOURING_87_V_TL,324
1/27/2026,1D25215Z13008QXPC0,155R13_ULTIMA XPC_8PR_Q_TL,324
1/11/2026,1325215613075TUHL0,155/70R13_ULTIMA HI^LIFE_75T TL,324
1/14/2026,1325219316087VUTR0,195/55 R16 UX TOURING_87_V_TL,324
1/29/2026,1325216814085TURL0,165/80R14_UX ROYALE_85T_MSIL_4Rib_TL,322
1/2/2026,1325216814085SUTR0,165/80R14_UX TOURING_85S TL,322
1/9/2026,1325218515088TURL0,185/65R15_88T_UX ROYALE_ TL,322
1/16/2026,1425118916008QRBT0,185/85R16 RANGER BRT_TT,322
1/28/2026,1D25215Z13008QXPC0,155R13_ULTIMA XPC_8PR_Q_TL,320
1/16/2026,1D25212812086FXPC0,120/80R12_ULTIMA XPC_86F_TL,320
1/25/2026,1225223516121PSKP0,235/65R16_STEELKING+_TL,320
1/29/2026,1225223516121PSKP0,235/65R16_STEELKING+_TL,320
1/19/2026,1325217514082HVECL,175/65R14_VECTRA_82 H_ EXPORT,320
1/2/2026,1325223715105SRXT0,235/75R15 _RANGER X-A/T_105 S_TL,320
1/26/2026,1325215613075TUHL0,155/70R13_ULTIMA HI^LIFE_75T TL,319
1/24/2026,1225223516121PSKP0,235/65R16_STEELKING+_TL,318
1/12/2026,1325217514082HVECL,175/65R14_VECTRA_82 H_ EXPORT,318
1/19/2026,1425118916008QRBT0,185/85R16 RANGER BRT_TT,318
1/17/2026,1425118916008QRBT0,185/85R16 RANGER BRT_TT,318
1/19/2026,1325220515094VUTR0,205/65R15_UX TOURING_94V TL,318
1/25/2026,1325215613075TUHL0,155/70R13_ULTIMA HI^LIFE_75T TL,318
1/21/2026,1325215813079SUHL0,155/80 R13_ULTIMA HI^LIFE_79 S TL,318
1/19/2026,1225121715115SSTL0,215/75R15_STEELKING_S_TT,318
1/30/2026,1325217413077TUSP0,175/60R13_ULTIMA SPORT_77_T_TL,317
1/25/2026,1325219316087VUTR0,195/55 R16 UX TOURING_87_V_TL,316
1/3/2026,1325223517104HRHT0,235/65 R17_RANGER H/T _104_H_TL,316
1/5/2026,1325219316087VUTR0,195/55 R16 UX TOURING_87_V_TL,316
1/20/2026,1425118916008QRBT0,185/85R16 RANGER BRT_TT,316
1/6/2026,1325123715105SBRT0,235/75R15 BRUTE 4X4_105_S_TT,315
1/21/2026,1325217413077TUSP0,175/60R13_ULTIMA SPORT_77_T_TL,314
1/18/2026,1325223517104HRHT0,235/65 R17_RANGER H/T _104_H_TL,314
1/10/2026,1325216614081SUTR0,165/70R14_ UX TOURING _81 S TL,314
1/6/2026,1325223517104HRHT0,235/65 R17_RANGER H/T _104_H_TL,314
1/22/2026,1325220515094VUTR0,205/65R15_UX TOURING_94V TL,314
1/5/2026,1325220515094VUTR0,205/65R15_UX TOURING_94V TL,314
1/1/2026,1325215813079SUHL0,155/80 R13_ULTIMA HI^LIFE_79 S TL,314
1/30/2026,1325220515094VUTR0,205/65R15_UX TOURING_94V TL,312
1/26/2026,1325215813079SUHL0,155/80 R13_ULTIMA HI^LIFE_79 S TL,312
1/28/2026,1325220515094VUTR0,205/65R15_UX TOURING_94V TL,312
1/7/2026,1325220515094VUTR0,205/65R15_UX TOURING_94V TL,312
1/29/2026,1325219316087VUTR0,195/55 R16 UX TOURING_87_V_TL,312
1/8/2026,1325223517104HRHT0,235/65 R17_RANGER H/T _104_H_TL,310
1/26/2026,1325219316087VUTR0,195/55 R16 UX TOURING_87_V_TL,310
1/27/2026,1D25212812074FXC10,120/80R12_ULTIMA XPC1_74_F_TL,310
1/22/2026,1425118916008QRBT0,185/85R16 RANGER BRT_TT,310
1/11/2026,1325218515088TURL0,185/65R15_88T_UX ROYALE_ TL,310
1/6/2026,1325215813079SUHL0,155/80 R13_ULTIMA HI^LIFE_79 S TL,308
1/26/2026,1325216614081TVECE,165/70R14_VECTRA_81 T TL_EXPORT,308
1/17/2026,1325119015008SRBT0,195/80R15 RANGER BRT TT,308
1/21/2026,1325220516095HUTR0,205/65R16_UX TOURING_95H TL,308
1/30/2026,1325215813079SUHL0,155/80 R13_ULTIMA HI^LIFE_79 S TL,306
1/16/2026,1325219316087VUTR0,195/55 R16 UX TOURING_87_V_TL,306
1/23/2026,1325219515091VURL0,195/65 R15_UX ROYALE_91_V_TL,306
1/13/2026,1325219416089HRHE0,195/60R16_RANGER HPE_89H TL_TML,304
1/26/2026,1225223516121PSKP0,235/65R16_STEELKING+_TL,304
1/1/2026,1325223517104HRHT0,235/65 R17_RANGER H/T _104_H_TL,304
1/15/2026,1325217514082HVECL,175/65R14_VECTRA_82 H_ EXPORT,304
1/17/2026,1325213612065SULX1,135/70R12 Ultima LXT 65S TL FOR BAL,302
1/2/2026,1325217613082TUNE0,175/70R13 ULTIMA NEO 82T TL,302
1/22/2026,1325215813079SUHL0,155/80 R13_ULTIMA HI^LIFE_79 S TL,302
1/1/2026,1325223715105SRXT0,235/75R15 _RANGER X-A/T_105 S_TL,302
1/24/2026,1325215613075TTMX0,155/70R13_TAXIMAX_75 T_TL,302
1/10/2026,1325215813079SUHL0,155/80 R13_ULTIMA HI^LIFE_79 S TL,302
1/16/2026,1325215813079STMX0,155/80 R13_TAXIMAX_79 S TL,302
1/7/2026,1325223715105SRXT0,235/75R15 _RANGER X-A/T_105 S_TL,302
1/27/2026,1325216614081TVECE,165/70R14_VECTRA_81 T TL_EXPORT,302
1/8/2026,1325119015008SRBT0,195/80R15 RANGER BRT TT,300
1/15/2026,1325119015008SRBT0,195/80R15 RANGER BRT TT,300
1/4/2026,1325219416089HRHE0,195/60R16_RANGER HPE_89H TL_TML,300
1/3/2026,1325119015008SRBT0,195/80R15 RANGER BRT TT,300
1/9/2026,1325220515094VUTR0,205/65R15_UX TOURING_94V TL,300
1/29/2026,1325216814085SUTR0,165/80R14_UX TOURING_85S TL,298
1/13/2026,1325217514082HVECL,175/65R14_VECTRA_82 H_ EXPORT,298
1/4/2026,1325215613075TUHL0,155/70R13_ULTIMA HI^LIFE_75T TL,298
1/6/2026,1325218515088TURL0,185/65R15_88T_UX ROYALE_ TL,298
1/19/2026,1325218614088TVECE,185/70R14_ VECTRA _88 T TL_BRAZIL EXPORT,298
1/12/2026,1325119815106QBRQ0,195/80R15 BRUTE TT,298
1/20/2026,1325220515094VUTR0,205/65R15_UX TOURING_94V TL,298
1/7/2026,1325218515088TURL0,185/65R15_88T_UX ROYALE_ TL,298
1/22/2026,1D25215Z13008QXPC0,155R13_ULTIMA XPC_8PR_Q_TL,296
1/26/2026,1325216814085SUTR0,165/80R14_UX TOURING_85S TL,296
1/23/2026,1325219316087VUTR0,195/55 R16 UX TOURING_87_V_TL,296
1/14/2026,1325216614081SUTR0,165/70R14_ UX TOURING _81 S TL,295
1/28/2026,1D25212812074FXC10,120/80R12_ULTIMA XPC1_74_F_TL,294
1/7/2026,1325215613075TUHL0,155/70R13_ULTIMA HI^LIFE_75T TL,294
1/16/2026,1225121715115SSTL0,215/75R15_STEELKING_S_TT,294
1/24/2026,1325220515094VUTR0,205/65R15_UX TOURING_94V TL,294
1/30/2026,1225221716010SXC10,215/75R16C_ULTIMA XPC1 _ TL_PLT_ TML,294
1/10/2026,1325119015008SRBT0,195/80R15 RANGER BRT TT,294
1/17/2026,1325215613075TTMX0,155/70R13_TAXIMAX_75 T_TL,293
1/21/2026,1225121715115SSTL0,215/75R15_STEELKING_S_TT,292
1/15/2026,1325220515094VUTR0,205/65R15_UX TOURING_94V TL,292
1/24/2026,1325221715100SRXT0,215/75R15 _RANGER X-A/T_100 S_TL,292
1/21/2026,1425118916008QRBT0,185/85R16 RANGER BRT_TT,292
1/12/2026,1325218515088TURL0,185/65R15_88T_UX ROYALE_ TL,290
1/3/2026,1325215813079SUHL0,155/80 R13_ULTIMA HI^LIFE_79 S TL,290
1/22/2026,1325218515088HUTR0,185/65R15_UX TOURING_88H TL,288
1/4/2026,1325223715105SRXT0,235/75R15 _RANGER X-A/T_105 S_TL,288
1/11/2026,1325119015008SRBT0,195/80R15 RANGER BRT TT,288
1/30/2026,1325121715115SLTB0,215/75R15 BRUTE_10PR_L_TT,288
1/9/2026,1325223517104HRHT0,235/65 R17_RANGER H/T _104_H_TL,288
1/17/2026,1325219316087VUTR0,195/55 R16 UX TOURING_87_V_TL,288
1/16/2026,1325215813079SUHL0,155/80 R13_ULTIMA HI^LIFE_79 S TL,288
1/23/2026,1325218515088HUTR0,185/65R15_UX TOURING_88H TL,287
1/27/2026,1325213612065SULX1,135/70R12 Ultima LXT 65S TL FOR BAL,286
1/17/2026,1325215613075TUHL0,155/70R13_ULTIMA HI^LIFE_75T TL,286
1/25/2026,1325221715100SRXT0,215/75R15 _RANGER X-A/T_100 S_TL,286
1/1/2026,1325217613082TUNE0,175/70R13 ULTIMA NEO 82T TL,286
1/18/2026,1325215613075TTMX0,155/70R13_TAXIMAX_75 T_TL,284
1/8/2026,1325220515094VUTR0,205/65R15_UX TOURING_94V TL,284
1/6/2026,1225121715115SSTL0,215/75R15_STEELKING_S_TT,284
1/19/2026,1325218515088HUTR0,185/65R15_UX TOURING_88H TL,284
1/3/2026,1225121715115SSTL0,215/75R15_STEELKING_S_TT,284
1/5/2026,1225121715115SSTL0,215/75R15_STEELKING_S_TT,284
1/25/2026,1325216614081TVECE,165/70R14_VECTRA_81 T TL_EXPORT,284
1/13/2026,1225221715115SSTL0,215/75R15_STEELKING_S_TL,284
1/11/2026,1325217613082TUNE0,175/70R13 ULTIMA NEO 82T TL,282
1/9/2026,1325215613075TUHL0,155/70R13_ULTIMA HI^LIFE_75T TL,282
1/8/2026,1225121715115SSTL0,215/75R15_STEELKING_S_TT,282
1/27/2026,1325219316087VUTR0,195/55 R16 UX TOURING_87_V_TL,282
1/4/2026,1325223517104HRHT0,235/65 R17_RANGER H/T _104_H_TL,282
1/24/2026,1325218614088TVECE,185/70R14_ VECTRA _88 T TL_BRAZIL EXPORT,282
1/24/2026,1325218515088HUTR0,185/65R15_UX TOURING_88H TL,281
1/24/2026,1325217413077TUSP0,175/60R13_ULTIMA SPORT_77_T_TL,280
1/16/2026,1325220515094VUTR0,205/65R15_UX TOURING_94V TL,280
1/18/2026,1225121715115SSTL0,215/75R15_STEELKING_S_TT,279
1/24/2026,1325215613075TUHL0,155/70R13_ULTIMA HI^LIFE_75T TL,278
1/20/2026,1325221715100SRXT0,215/75R15 _RANGER X-A/T_100 S_TL,278
1/12/2026,1325219316087VURL0,195/55 R16_UX ROYALE_87_V_TL,278
1/28/2026,1325215613075TTMX0,155/70R13_TAXIMAX_75 T_TL,278
1/26/2026,1325215613075TTMX0,155/70R13_TAXIMAX_75 T_TL,278
1/8/2026,1325123715105SBRT0,235/75R15 BRUTE 4X4_105_S_TT,278
1/24/2026,1225121715115SSTL0,215/75R15_STEELKING_S_TT,278
1/29/2026,1325121715115SLTB0,215/75R15 BRUTE_10PR_L_TT,276
1/15/2026,1425118916008QRBT0,185/85R16 RANGER BRT_TT,276
1/10/2026,1325123715105SBRT0,235/75R15 BRUTE 4X4_105_S_TT,276
1/9/2026,1325218614088TVECE,185/70R14_ VECTRA _88 T TL_BRAZIL EXPORT,276
1/10/2026,1325215613075TUHL0,155/70R13_ULTIMA HI^LIFE_75T TL,276
1/23/2026,1325123715105SBRT0,235/75R15 BRUTE 4X4_105_S_TT,276
1/8/2026,1325216614081SUTR0,165/70R14_ UX TOURING _81 S TL,275
1/18/2026,1425118916008QRBT0,185/85R16 RANGER BRT_TT,274
1/1/2026,1325123715105SBRT0,235/75R15 BRUTE 4X4_105_S_TT,274
1/13/2026,1325119815106QBRQ0,195/80R15 BRUTE TT,274
1/24/2026,1325123715105SBRT0,235/75R15 BRUTE 4X4_105_S_TT,274
1/1/2026,1325114612069TUHL0,145/70R12_ ULTIMA HI^LIFE _69 T_TT,274
1/26/2026,1325123715105SBRT0,235/75R15 BRUTE 4X4_105_S_TT,274
1/12/2026,1225170015010LSTL0,7.00R15_STEEL KING_10PR_L_TT,274
1/23/2026,1325215613075TUHL0,155/70R13_ULTIMA HI^LIFE_75T TL,273
1/23/2026,1325213612065SULX1,135/70R12 Ultima LXT 65S TL FOR BAL,273
1/22/2026,1325213612065SULX1,135/70R12 Ultima LXT 65S TL FOR BAL,272
1/19/2026,1325221715100SRXT0,215/75R15 _RANGER X-A/T_100 S_TL,272
1/25/2026,1325123715105SBRT0,235/75R15 BRUTE 4X4_105_S_TT,272
1/4/2026,1225121715115SSTL0,215/75R15_STEELKING_S_TT,272
1/2/2026,1225121715115SSTL0,215/75R15_STEELKING_S_TT,272
1/14/2026,1325217614084HURL2,175/70 R14 _UXROYALE_84H_4Rib _TL,272
1/21/2026,1325221715100SRXT0,215/75R15 _RANGER X-A/T_100 S_TL,272
1/14/2026,1325214613071TTMX0,145/70R13_TAXIMAX_71T TL,272
1/22/2026,1325221715100SRXT0,215/75R15 _RANGER X-A/T_100 S_TL,272
1/27/2026,1325123715105SBRT0,235/75R15 BRUTE 4X4_105_S_TT,270
1/18/2026,1325123715105SBRT0,235/75R15 BRUTE 4X4_105_S_TT,270
1/21/2026,1325213612065SULX1,135/70R12 Ultima LXT 65S TL FOR BAL,269
1/12/2026,1325215813079SUHL0,155/80 R13_ULTIMA HI^LIFE_79 S TL,268
1/4/2026,1325123715105SBRT0,235/75R15 BRUTE 4X4_105_S_TT,268
1/3/2026,1325215613075TUHL0,155/70R13_ULTIMA HI^LIFE_75T TL,268
1/14/2026,1325123715105SBRT0,235/75R15 BRUTE 4X4_105_S_TT,268
1/7/2026,1225121715115SSTL0,215/75R15_STEELKING_S_TT,268
1/16/2026,1325217614084HURL2,175/70 R14 _UXROYALE_84H_4Rib _TL,268
1/13/2026,1325214613071TTMX0,145/70R13_TAXIMAX_71T TL,268
1/6/2026,1325119015008SRBT0,195/80R15 RANGER BRT TT,268
1/27/2026,1225223516121PSKP0,235/65R16_STEELKING+_TL,266
1/13/2026,1D25215Z13008QXPC0,155R13_ULTIMA XPC_8PR_Q_TL,266
1/11/2026,1325123715105SBRT0,235/75R15 BRUTE 4X4_105_S_TT,266
1/16/2026,1325213612065SULX1,135/70R12 Ultima LXT 65S TL FOR BAL,266
1/13/2026,1325216614081SUTR0,165/70R14_ UX TOURING _81 S TL,266
1/22/2026,1325123715105SBRT0,235/75R15 BRUTE 4X4_105_S_TT,266
1/16/2026,1325119015008SRBT0,195/80R15 RANGER BRT TT,265
1/9/2026,1225121715115SSTL0,215/75R15_STEELKING_S_TT,264
1/22/2026,1325220516095HUTR0,205/65R16_UX TOURING_95H TL,264
1/7/2026,1325219316087VUTR0,195/55 R16 UX TOURING_87_V_TL,264
1/12/2026,1325119015008SRBT0,195/80R15 RANGER BRT TT,264
1/2/2026,1325219316087VUTR0,195/55 R16 UX TOURING_87_V_TL,264
1/1/2026,1325218415084TTMX0,185/60 R15_TAXIMAX_84 T TL,264
1/5/2026,1325123715105SBRT0,235/75R15 BRUTE 4X4_105_S_TT,264
1/3/2026,1325123715105SBRT0,235/75R15 BRUTE 4X4_105_S_TT,264
1/25/2026,1225121715115SSTL0,215/75R15_STEELKING_S_TT,264
1/23/2026,1325221715100SRXT0,215/75R15 _RANGER X-A/T_100 S_TL,263
1/27/2026,1325218515088HUTR0,185/65R15_UX TOURING_88H TL,263
1/27/2026,1325215813079SUHL0,155/80 R13_ULTIMA HI^LIFE_79 S TL,262
1/28/2026,1225121715115SSTL0,215/75R15_STEELKING_S_TT,262
1/20/2026,1325223517104HRHT0,235/65 R17_RANGER H/T _104_H_TL,262
1/15/2026,1325123715105SBRT0,235/75R15 BRUTE 4X4_105_S_TT,262
1/11/2026,1225121715115SSTL0,215/75R15_STEELKING_S_TT,262
1/26/2026,1325217413077TUSP0,175/60R13_ULTIMA SPORT_77_T_TL,262
1/14/2026,1425118916008QRBT0,185/85R16 RANGER BRT_TT,260
1/21/2026,1325220515094VUTR0,205/65R15_UX TOURING_94V TL,260
1/6/2026,1325121715100SBRT0,215/75R15 BRUTE 4X4_100_S_TT,260
1/28/2026,1325123715105SBRT0,235/75R15 BRUTE 4X4_105_S_TT,260
1/28/2026,1225223516121PSKP0,235/65R16_STEELKING+_TL,258
1/13/2026,1325221417100HURL1,215/60R17_UX ROYALE _100H XL TL_DOM REPL,257
1/14/2026,1225121715115SSTL0,215/75R15_STEELKING_S_TT,256
1/27/2026,1225121715115SSTL0,215/75R15_STEELKING_S_TT,256
1/5/2026,1325119015008SRBT0,195/80R15 RANGER BRT TT,256
1/23/2026,1325226517112HRHT0,265/65 R17_RANGER H/T _112_H_TL,256
1/14/2026,1225170015010LSTL0,7.00R15_STEEL KING_10PR_L_TT,255
1/16/2026,1325218515088HUTR0,185/65R15_UX TOURING_88H TL,254
1/9/2026,1325121715100SBRT0,215/75R15 BRUTE 4X4_100_S_TT,254
1/5/2026,1325121715100SBRT0,215/75R15 BRUTE 4X4_100_S_TT,254
1/21/2026,1225170015010LSTL0,7.00R15_STEEL KING_10PR_L_TT,254
1/15/2026,1225170015010LSTL0,7.00R15_STEEL KING_10PR_L_TT,254
1/19/2026,1325215813079SUHL0,155/80 R13_ULTIMA HI^LIFE_79 S TL,254
1/4/2026,1325121715100SBRT0,215/75R15 BRUTE 4X4_100_S_TT,253
1/18/2026,1225170015010LSTL0,7.00R15_STEEL KING_10PR_L_TT,252
1/18/2026,1325219316087VUTR0,195/55 R16 UX TOURING_87_V_TL,252
1/15/2026,1325215613075TUHL0,155/70R13_ULTIMA HI^LIFE_75T TL,252
1/2/2026,1325121715100SBRT0,215/75R15 BRUTE 4X4_100_S_TT,252
1/19/2026,1325219316087VUTR0,195/55 R16 UX TOURING_87_V_TL,250
1/16/2026,1325215613075TUHL0,155/70R13_ULTIMA HI^LIFE_75T TL,250
1/29/2026,1D25212812074FXC10,120/80R12_ULTIMA XPC1_74_F_TL,250
1/19/2026,1325215613075TTMX0,155/70R13_TAXIMAX_75 T_TL,250
1/7/2026,1325119015008SRBT0,195/80R15 RANGER BRT TT,248
1/18/2026,1D25215Z13008QXPC0,155R13_ULTIMA XPC_8PR_Q_TL,248
1/22/2026,1225121715115SSTL0,215/75R15_STEELKING_S_TT,248
1/23/2026,1225121715115SSTL0,215/75R15_STEELKING_S_TT,247
1/9/2026,1325119015008SRBT0,195/80R15 RANGER BRT TT,246
1/21/2026,1325215613075TTMX0,155/70R13_TAXIMAX_75 T_TL,246
1/23/2026,1225223516121PSKP0,235/65R16_STEELKING+_TL,246
1/30/2026,1225121715115SSTL0,215/75R15_STEELKING_S_TT,246
1/25/2026,1225170015010LSTL0,7.00R15_STEEL KING_10PR_L_TT,246
1/14/2026,1325220515094VUTR0,205/65R15_UX TOURING_94V TL,246
1/1/2026,1325121715100SBRT0,215/75R15 BRUTE 4X4_100_S_TT,246
1/3/2026,1325121715100SBRT0,215/75R15 BRUTE 4X4_100_S_TT,244
1/20/2026,1225170015010LSTL0,7.00R15_STEEL KING_10PR_L_TT,244
1/17/2026,1325123715105SBRT0,235/75R15 BRUTE 4X4_105_S_TT,244
1/8/2026,1325121715100SBRT0,215/75R15 BRUTE 4X4_100_S_TT,244
1/3/2026,1325217613082TUNE0,175/70R13 ULTIMA NEO 82T TL,242
1/6/2026,1325223715105SRXT0,235/75R15 _RANGER X-A/T_105 S_TL,242
1/10/2026,1325121715100SBRT0,215/75R15 BRUTE 4X4_100_S_TT,242
1/2/2026,1325123715105SBRT0,235/75R15 BRUTE 4X4_105_S_TT,242
1/19/2026,1325223517104HRHT0,235/65 R17_RANGER H/T _104_H_TL,242
1/22/2026,1225170015010LSTL0,7.00R15_STEEL KING_10PR_L_TT,240
1/28/2026,1325216614081TVECE,165/70R14_VECTRA_81 T TL_EXPORT,240
1/11/2026,1225170015010LSTL0,7.00R15_STEEL KING_10PR_L_TT,240
1/24/2026,1325220516095HUTR0,205/65R16_UX TOURING_95H TL,240
1/25/2026,1325217413077TUSP0,175/60R13_ULTIMA SPORT_77_T_TL,238
1/17/2026,1D25215013008SXC11,155R13_ULTIMA XPC1_8PR_S _TL_MSIL,238
1/14/2026,1325114812074TUHL0,145/80R12 ULTIMA HI^LIFE_TT,238
1/7/2026,1325214612069TUHL0,145/70R12 ULTIMA HI^LIFE _69 T_TL,238
1/19/2026,1225170015010LSTL0,7.00R15_STEEL KING_10PR_L_TT,236
1/4/2026,1325218515088HUTR0,185/65R15_UX TOURING_88H TL,236
1/9/2026,1325123715105SBRT0,235/75R15 BRUTE 4X4_105_S_TT,236
1/11/2026,1325223517104HRHT0,235/65 R17_RANGER H/T _104_H_TL,234
1/10/2026,1225121715115SSTL0,215/75R15_STEELKING_S_TT,234
1/26/2026,1225121715115SSTL0,215/75R15_STEELKING_S_TT,234
1/28/2026,1325215613075TUHL0,155/70R13_ULTIMA HI^LIFE_75T TL,234
1/10/2026,1325219316087VUTR0,195/55 R16 UX TOURING_87_V_TL,232
1/22/2026,1325215613075TUHL0,155/70R13_ULTIMA HI^LIFE_75T TL,232
1/24/2026,1225170015010LSTL0,7.00R15_STEEL KING_10PR_L_TT,232
1/8/2026,1325214613071TTMX0,145/70R13_TAXIMAX_71T TL,232
1/24/2026,1325216614081TVECE,165/70R14_VECTRA_81 T TL_EXPORT,230
1/17/2026,1225170015010LSTL0,7.00R15_STEEL KING_10PR_L_TT,230
1/12/2026,1325123715105SBRT0,235/75R15 BRUTE 4X4_105_S_TT,230
1/12/2026,1225121715115SSTL0,215/75R15_STEELKING_S_TT,230
1/18/2026,1325220516095HUTR0,205/65R16_UX TOURING_95H TL,230
1/29/2026,1325217413077TUSP0,175/60R13_ULTIMA SPORT_77_T_TL,230
1/30/2026,1225223516121PSKP0,235/65R16_STEELKING+_TL,230
1/20/2026,1225121715115SSTL0,215/75R15_STEELKING_S_TT,229
1/22/2026,1325217413077TUSP0,175/60R13_ULTIMA SPORT_77_T_TL,228
1/23/2026,1225170015010LSTL0,7.00R15_STEEL KING_10PR_L_TT,228
1/26/2026,1D25212812074FXC10,120/80R12_ULTIMA XPC1_74_F_TL,228
1/26/2026,1325219515091VURL0,195/65 R15_UX ROYALE_91_V_TL,228
1/3/2026,1325220516095HTMX0,205/65R16_TAXIMAX_95 H TL,226
1/21/2026,1325221417100HURL1,215/60R17_UX ROYALE _100H XL TL_DOM REPL,226
1/19/2026,1325217413077TUSP0,175/60R13_ULTIMA SPORT_77_T_TL,224
1/18/2026,1325221715100SRXT0,215/75R15 _RANGER X-A/T_100 S_TL,224
1/28/2026,1225170015010LSTL0,7.00R15_STEEL KING_10PR_L_TT,224
1/9/2026,1225170015010LSTL0,7.00R15_STEEL KING_10PR_L_TT,224
1/23/2026,1325215813079SUHL0,155/80 R13_ULTIMA HI^LIFE_79 S TL,223
1/15/2026,1325223517104HRHT0,235/65 R17_RANGER H/T _104_H_TL,222
1/29/2026,1225221716010SXC10,215/75R16C_ULTIMA XPC1 _ TL_PLT_ TML,222
1/14/2026,1325119015008SRBT0,195/80R15 RANGER BRT TT,222
1/25/2026,1325216814085SUTR0,165/80R14_UX TOURING_85S TL,222
1/17/2026,1325223517104HRHT0,235/65 R17_RANGER H/T _104_H_TL,220
1/23/2026,1325217413077TUSP0,175/60R13_ULTIMA SPORT_77_T_TL,220
1/15/2026,1225121715115SSTL0,215/75R15_STEELKING_S_TT,218
1/13/2026,1325123715105SBRT0,235/75R15 BRUTE 4X4_105_S_TT,218
1/10/2026,1225170015010LSTL0,7.00R15_STEEL KING_10PR_L_TT,218
1/15/2026,1325213612065SULX1,135/70R12 Ultima LXT 65S TL FOR BAL,216
1/12/2026,1425118916008QRBT0,185/85R16 RANGER BRT_TT,216
1/29/2026,1325123715105SBRT0,235/75R15 BRUTE 4X4_105_S_TT,215
1/14/2026,1325214812074TUHL0,145/80R12 ULTIMA HI^LIFE_TL,214
1/14/2026,1325215613075TUHL0,155/70R13_ULTIMA HI^LIFE_75T TL,214
1/22/2026,1325226517112HRHT0,265/65 R17_RANGER H/T _112_H_TL,214
1/13/2026,1325215813079SUHL0,155/80 R13_ULTIMA HI^LIFE_79 S TL,214
1/17/2026,1325219416089HRHE0,195/60R16_RANGER HPE_89H TL_TML,214
1/29/2026,1225170015010LSTL0,7.00R15_STEEL KING_10PR_L_TT,214
1/13/2026,1325216814085TURL0,165/80R14_UX ROYALE_85T_MSIL_4Rib_TL,213
1/5/2026,1325215613075TUHL0,155/70R13_ULTIMA HI^LIFE_75T TL,212
1/14/2026,1325215813079SUHL0,155/80 R13_ULTIMA HI^LIFE_79 S TL,212
1/27/2026,1325215613075TTMX0,155/70R13_TAXIMAX_75 T_TL,210
1/19/2026,1325220516095HUTR0,205/65R16_UX TOURING_95H TL,208
1/25/2026,1325217514082HURL2,175/65R14 _UX ROYALE_82_H_4RIB_TL_EXPORT,208
1/7/2026,1325121715100SBRT0,215/75R15 BRUTE 4X4_100_S_TT,208
1/15/2026,1325216614081SUTR0,165/70R14_ UX TOURING _81 S TL,208
1/30/2026,1225170015010LSTL0,7.00R15_STEEL KING_10PR_L_TT,208
1/28/2026,1325121715115SLTB0,215/75R15 BRUTE_10PR_L_TT,207
1/13/2026,1325218614088TVECE,185/70R14_ VECTRA _88 T TL_BRAZIL EXPORT,206
1/8/2026,1325217613082TUNE2,175/70R13_ULTIMA NEO_82_T_4RIB_TL_ EXPOR,206
1/6/2026,1325216614081SUTR0,165/70R14_ UX TOURING _81 S TL,206
1/24/2026,1325219515091VURL0,195/65 R15_UX ROYALE_91_V_TL,206
1/19/2026,1325123715105SBRT0,235/75R15 BRUTE 4X4_105_S_TT,206
1/10/2026,1325217613082TUNE2,175/70R13_ULTIMA NEO_82_T_4RIB_TL_ EXPOR,206
1/25/2026,1325219515091VURL0,195/65 R15_UX ROYALE_91_V_TL,204
1/12/2026,1325223517104HRHT0,235/65 R17_RANGER H/T _104_H_TL,203
1/3/2026,1325219416089HRHE0,195/60R16_RANGER HPE_89H TL_TML,202
1/16/2026,1325223517104HRHT0,235/65 R17_RANGER H/T _104_H_TL,202
1/20/2026,1325217514082HURL2,175/65R14 _UX ROYALE_82_H_4RIB_TL_EXPORT,202
1/19/2026,1225221716010SXC10,215/75R16C_ULTIMA XPC1 _ TL_PLT_ TML,202
1/1/2026,1325215613075TUHL0,155/70R13_ULTIMA HI^LIFE_75T TL,200
1/15/2026,1325217614084HURL2,175/70 R14 _UXROYALE_84H_4Rib _TL,200
1/30/2026,1325215613075TUHL0,155/70R13_ULTIMA HI^LIFE_75T TL,200
1/20/2026,1325220516095HUTR0,205/65R16_UX TOURING_95H TL,200
1/30/2026,1325223517104HRHT0,235/65 R17_RANGER H/T _104_H_TL,198
1/23/2026,1325217514082HURL2,175/65R14 _UX ROYALE_82_H_4RIB_TL_EXPORT,198
1/25/2026,1325218515088HUTR0,185/65R15_UX TOURING_88H TL,198
1/19/2026,1325217514082HURL2,175/65R14 _UX ROYALE_82_H_4RIB_TL_EXPORT,198
1/16/2026,1325215613075TTMX0,155/70R13_TAXIMAX_75 T_TL,197
1/6/2026,1325218514086HURL0,185/65R14_UX ROYALE_86 H  TL,196
1/2/2026,1325216514079TTMX0,165/65 R14_TAXIMAX_79 T TL,196
1/24/2026,1325219416089HRHE0,195/60R16_RANGER HPE_89H TL_TML,196
1/8/2026,1325218514086HURL0,185/65R14_UX ROYALE_86 H  TL,196
1/26/2026,1325221715100SRXT0,215/75R15 _RANGER X-A/T_100 S_TL,195
1/24/2026,1325219316087VUTR0,195/55 R16 UX TOURING_87_V_TL,194
1/6/2026,1325215613075TUHL0,155/70R13_ULTIMA HI^LIFE_75T TL,194
1/5/2026,1325216514079TTMX0,165/65 R14_TAXIMAX_79 T TL,194
1/29/2026,1225121715115SSTL0,215/75R15_STEELKING_S_TT,194
1/20/2026,1225221716010SXC10,215/75R16C_ULTIMA XPC1 _ TL_PLT_ TML,192
1/14/2026,1325218514086HURL0,185/65R14_UX ROYALE_86 H  TL,192
1/21/2026,1325217514082HURL2,175/65R14 _UX ROYALE_82_H_4RIB_TL_EXPORT,192
1/7/2026,1325216514079TTMX0,165/65 R14_TAXIMAX_79 T TL,192
1/16/2026,1225170015010LSTL0,7.00R15_STEEL KING_10PR_L_TT,192
1/12/2026,1325217613082TUNE2,175/70R13_ULTIMA NEO_82_T_4RIB_TL_ EXPOR,192
1/15/2026,1325215813079SUHL0,155/80 R13_ULTIMA HI^LIFE_79 S TL,192
1/22/2026,1325217613082TUNE2,175/70R13_ULTIMA NEO_82_T_4RIB_TL_ EXPOR,192
1/13/2026,1325220515094VUTR0,205/65R15_UX TOURING_94V TL,190
1/21/2026,1325123715105SBRT0,235/75R15 BRUTE 4X4_105_S_TT,188
1/5/2026,1325217613082TUNE2,175/70R13_ULTIMA NEO_82_T_4RIB_TL_ EXPOR,188
1/10/2026,1325223517104HRHT0,235/65 R17_RANGER H/T _104_H_TL,187
1/19/2026,1325217613082TUNE2,175/70R13_ULTIMA NEO_82_T_4RIB_TL_ EXPOR,186
1/15/2026,1325218515088HUTR0,185/65R15_UX TOURING_88H TL,186
1/17/2026,1225221716010SXC10,215/75R16C_ULTIMA XPC1 _ TL_PLT_ TML,186
1/19/2026,1325220316091VURL1,205/55R16 UX Royale 91V,186
1/11/2026,1425118916008QRBT0,185/85R16 RANGER BRT_TT,186
1/2/2026,1325217613082TUNE2,175/70R13_ULTIMA NEO_82_T_4RIB_TL_ EXPOR,184
1/6/2026,1325217613082TUNE2,175/70R13_ULTIMA NEO_82_T_4RIB_TL_ EXPOR,182
1/13/2026,1325223517104HRHT0,235/65 R17_RANGER H/T _104_H_TL,182
1/17/2026,1325217514082HURL2,175/65R14 _UX ROYALE_82_H_4RIB_TL_EXPORT,182
1/9/2026,1325215813079SUHL0,155/80 R13_ULTIMA HI^LIFE_79 S TL,182
1/28/2026,1225221716010SXC10,215/75R16C_ULTIMA XPC1 _ TL_PLT_ TML,180
1/4/2026,1325216514079TTMX0,165/65 R14_TAXIMAX_79 T TL,180
1/1/2026,1325217613082TUNE2,175/70R13_ULTIMA NEO_82_T_4RIB_TL_ EXPOR,180
1/11/2026,1325217613082TUNE2,175/70R13_ULTIMA NEO_82_T_4RIB_TL_ EXPOR,180
1/26/2026,ET1658014UXRSMTTL,ET-165/80R14_UX ROYALE_SMART_TL_85T,178
1/20/2026,1325218515088HURL1,185/65R15_UX ROYALE_88H_5RIB_EXP_TL,178
1/18/2026,1325217613082TUNE2,175/70R13_ULTIMA NEO_82_T_4RIB_TL_ EXPOR,178
1/3/2026,1325216514079TTMX0,165/65 R14_TAXIMAX_79 T TL,178
1/16/2026,1325217613082TUNE2,175/70R13_ULTIMA NEO_82_T_4RIB_TL_ EXPOR,178
1/28/2026,1325223517104HRHT0,235/65 R17_RANGER H/T _104_H_TL,178
1/8/2026,1225170015010LSTL0,7.00R15_STEEL KING_10PR_L_TT,178
1/18/2026,1225221716010SXC10,215/75R16C_ULTIMA XPC1 _ TL_PLT_ TML,176
1/17/2026,ET1658014UXRSMTTL,ET-165/80R14_UX ROYALE_SMART_TL_85T,176
1/10/2026,1225121716010SXC10,215/75R16_ULTIMA XPC1_10PR_S_TT,176
1/19/2026,ET1658014UXRSMTTL,ET-165/80R14_UX ROYALE_SMART_TL_85T,176
1/23/2026,ET1658014UXRSMTTL,ET-165/80R14_UX ROYALE_SMART_TL_85T,176
1/25/2026,ET1658014UXRSMTTL,ET-165/80R14_UX ROYALE_SMART_TL_85T,175
1/12/2026,1325220515094VUTP0,205/65R15_UX TOURING PUNCTURE GUARD_94V,174
1/26/2026,1325222517102SRAB0,225/65R17_RANGER AT2_102S TL,174
1/12/2026,1225121716010SXC10,215/75R16_ULTIMA XPC1_10PR_S_TT,174
1/21/2026,1325220316091VURL1,205/55R16 UX Royale 91V,172
1/14/2026,1225121716010SXC10,215/75R16_ULTIMA XPC1_10PR_S_TT,172
1/9/2026,1225121716010SXC10,215/75R16_ULTIMA XPC1_10PR_S_TT,172
1/8/2026,1325215613075TUHL0,155/70R13_ULTIMA HI^LIFE_75T TL,172
1/15/2026,1325219316087VUTR0,195/55 R16 UX TOURING_87_V_TL,170
1/4/2026,1325119015008SRBT0,195/80R15 RANGER BRT TT,170
1/18/2026,ET1658014UXRSMTTL,ET-165/80R14_UX ROYALE_SMART_TL_85T,170
1/23/2026,1325220516095HUTR0,205/65R16_UX TOURING_95H TL,170
1/25/2026,1325222517102SRAB0,225/65R17_RANGER AT2_102S TL,168
1/28/2026,1325217413077TUSP0,175/60R13_ULTIMA SPORT_77_T_TL,168
1/27/2026,ET1658014UXRSMTTL,ET-165/80R14_UX ROYALE_SMART_TL_85T,168
1/30/2026,1325123715105SBRT0,235/75R15 BRUTE 4X4_105_S_TT,168
1/22/2026,1325219416089HRHE0,195/60R16_RANGER HPE_89H TL_TML,166
1/25/2026,1325213612065SULX1,135/70R12 Ultima LXT 65S TL FOR BAL,166
1/24/2026,ET1658014UXRSMTTL,ET-165/80R14_UX ROYALE_SMART_TL_85T,166
1/1/2026,1325219416089HRHE0,195/60R16_RANGER HPE_89H TL_TML,166
1/18/2026,1325119815106QBRQ0,195/80R15 BRUTE TT,166
1/18/2026,1325217514082HURL2,175/65R14 _UX ROYALE_82_H_4RIB_TL_EXPORT,166
1/4/2026,1325223616105HRHT0,235/70 R16_RANGER H/T _105_H_TL,165
1/22/2026,1325219515091VURL0,195/65 R15_UX ROYALE_91_V_TL,164
1/10/2026,1325220515094VUTP0,205/65R15_UX TOURING PUNCTURE GUARD_94V,163
1/15/2026,1325215813079STMX0,155/80 R13_TAXIMAX_79 S TL,160
1/3/2026,1325217415081HUTR0,175/60R15_UX TOURING_81H TL,160
1/13/2026,1225170015010LSTL0,7.00R15_STEEL KING_10PR_L_TT,160
1/14/2026,1325218515088TURL0,185/65R15_88T_UX ROYALE_ TL,158
1/19/2026,1325218515088HURL1,185/65R15_UX ROYALE_88H_5RIB_EXP_TL,158
1/4/2026,1325219316087VURL0,195/55 R16_UX ROYALE_87_V_TL,158
1/24/2026,1325220416092VURL0,205/60 R16_UX ROYALE_92_V_TL,156
1/1/2026,1325214612069TUHL0,145/70R12 ULTIMA HI^LIFE _69 T_TL,156
1/27/2026,1325217514082HURL2,175/65R14 _UX ROYALE_82_H_4RIB_TL_EXPORT,156
1/29/2026,1325223517104HRHT0,235/65 R17_RANGER H/T _104_H_TL,154
1/20/2026,ET1658014UXRSMTTL,ET-165/80R14_UX ROYALE_SMART_TL_85T,154
1/30/2026,1D25212812086FXPC0,120/80R12_ULTIMA XPC_86F_TL,154
1/21/2026,ET1658014UXRSMTTL,ET-165/80R14_UX ROYALE_SMART_TL_85T,154
1/29/2026,1325216614081TVECE,165/70R14_VECTRA_81 T TL_EXPORT,154
1/28/2026,1325217514082HURL2,175/65R14 _UX ROYALE_82_H_4RIB_TL_EXPORT,152
1/29/2026,1325225518111HRHB1,255/65R18_RANGER HT2_111H TL_M&M_Z121,152
1/16/2026,1325123715105SBRT0,235/75R15 BRUTE 4X4_105_S_TT,152
1/6/2026,1325219416089HRHE0,195/60R16_RANGER HPE_89H TL_TML,152
1/8/2026,1325218614088TVECE,185/70R14_ VECTRA _88 T TL_BRAZIL EXPORT,151
1/6/2026,1325216514079TTMX0,165/65 R14_TAXIMAX_79 T TL,150
1/7/2026,1325223616105HRHT0,235/70 R16_RANGER H/T _105_H_TL,150
1/13/2026,1325219316087VUTR0,195/55 R16 UX TOURING_87_V_TL,150
1/6/2026,1325216814085SUTR0,165/80R14_UX TOURING_85S TL,150
1/8/2026,1325220515094VUTP0,205/65R15_UX TOURING PUNCTURE GUARD_94V,150
1/7/2026,1325220515094VUTP0,205/65R15_UX TOURING PUNCTURE GUARD_94V,150
1/16/2026,ET1658014UXRSMTTL,ET-165/80R14_UX ROYALE_SMART_TL_85T,149
1/13/2026,1325119015008SRBT0,195/80R15 RANGER BRT TT,148
1/16/2026,1225221716010SXC10,215/75R16C_ULTIMA XPC1 _ TL_PLT_ TML,148
1/13/2026,1425118916008QRBT0,185/85R16 RANGER BRT_TT,146
1/14/2026,1325223517104HRHT0,235/65 R17_RANGER H/T _104_H_TL,146
1/2/2026,1325218415084TTMX0,185/60 R15_TAXIMAX_84 T TL,146
1/18/2026,1325119015008SRBT0,195/80R15 RANGER BRT TT,144
1/24/2026,1225221716010SXC10,215/75R16C_ULTIMA XPC1 _ TL_PLT_ TML,144
1/4/2026,1325217415081HUTR0,175/60R15_UX TOURING_81H TL,144
1/22/2026,ET1658014UXRSMTTL,ET-165/80R14_UX ROYALE_SMART_TL_85T,144
1/12/2026,1325218514086HURL0,185/65R14_UX ROYALE_86 H  TL,143
1/29/2026,1325217514082HURL2,175/65R14 _UX ROYALE_82_H_4RIB_TL_EXPORT,142
1/13/2026,1325217613082TUNE2,175/70R13_ULTIMA NEO_82_T_4RIB_TL_ EXPOR,142
1/14/2026,1325213612065SULX1,135/70R12 Ultima LXT 65S TL FOR BAL,140
1/3/2026,1325223616105HRHT0,235/70 R16_RANGER H/T _105_H_TL,140
1/11/2026,1325220515094VUTP0,205/65R15_UX TOURING PUNCTURE GUARD_94V,139
1/5/2026,1325223616105HRHT0,235/70 R16_RANGER H/T _105_H_TL,139
1/25/2026,1325219416089HRHE0,195/60R16_RANGER HPE_89H TL_TML,139
1/9/2026,1325220515094VUTP0,205/65R15_UX TOURING PUNCTURE GUARD_94V,138
1/21/2026,1225221716010SXC10,215/75R16C_ULTIMA XPC1 _ TL_PLT_ TML,138
1/30/2026,1325216614081TVECE,165/70R14_VECTRA_81 T TL_EXPORT,138
1/13/2026,1225121715115SSTL0,215/75R15_STEELKING_S_TT,138
1/23/2026,1325220416092VURL0,205/60 R16_UX ROYALE_92_V_TL,138
1/3/2026,1325217613082TUNE2,175/70R13_ULTIMA NEO_82_T_4RIB_TL_ EXPOR,136
1/10/2026,1325223616105HRHT0,235/70 R16_RANGER H/T _105_H_TL,134
1/15/2026,1325114812074TUHL0,145/80R12 ULTIMA HI^LIFE_TT,134
1/23/2026,1325220316094VUX10,205/55R16 UX1 94 V TL Exp. & Dom.,130
1/8/2026,1325223715105SRXT0,235/75R15 _RANGER X-A/T_105 S_TL,130
1/27/2026,1225170015010LSTL0,7.00R15_STEEL KING_10PR_L_TT,130
1/15/2026,1325217514082HURL2,175/65R14 _UX ROYALE_82_H_4RIB_TL_EXPORT,130
1/13/2026,1325215613075TUHL0,155/70R13_ULTIMA HI^LIFE_75T TL,128
1/22/2026,1325217514082HURL2,175/65R14 _UX ROYALE_82_H_4RIB_TL_EXPORT,128
1/20/2026,1325220316091VURL1,205/55R16 UX Royale 91V,128
1/13/2026,1325218514086HURL0,185/65R14_UX ROYALE_86 H  TL,128
1/2/2026,1325119015008SRBT0,195/80R15 RANGER BRT TT,126
1/1/2026,1325220515094VUTR0,205/65R15_UX TOURING_94V TL,124
1/25/2026,1225221716010SXC10,215/75R16C_ULTIMA XPC1 _ TL_PLT_ TML,124
1/4/2026,1325217613082TUNE2,175/70R13_ULTIMA NEO_82_T_4RIB_TL_ EXPOR,124
1/1/2026,1325223616105HRHT0,235/70 R16_RANGER H/T _105_H_TL,124
1/16/2026,1325217514082HURL2,175/65R14 _UX ROYALE_82_H_4RIB_TL_EXPORT,124
1/16/2026,1325216614081SUTR0,165/70R14_ UX TOURING _81 S TL,123
1/4/2026,1D25214012008QSTL0,145R12_STEELKING_8PR_Q_TL,122
1/13/2026,1325220515094VUTP0,205/65R15_UX TOURING PUNCTURE GUARD_94V,122
1/17/2026,1325221715100SRXT0,215/75R15 _RANGER X-A/T_100 S_TL,122
1/25/2026,1325220516095HUTR0,205/65R16_UX TOURING_95H TL,120
1/7/2026,1325217613082TUNE2,175/70R13_ULTIMA NEO_82_T_4RIB_TL_ EXPOR,120
1/9/2026,1325223616105HRHT0,235/70 R16_RANGER H/T _105_H_TL,120
1/15/2026,1225121716010SXC10,215/75R16_ULTIMA XPC1_10PR_S_TT,120
1/18/2026,1325218515088HURL1,185/65R15_UX ROYALE_88H_5RIB_EXP_TL,118
1/9/2026,1325217613082TUNE2,175/70R13_ULTIMA NEO_82_T_4RIB_TL_ EXPOR,118
1/23/2026,1325217614084HURL2,175/70 R14 _UXROYALE_84H_4Rib _TL,118
1/21/2026,1325218515088HURL1,185/65R15_UX ROYALE_88H_5RIB_EXP_TL,116
1/15/2026,1325217514082TTMX0,175/65 R14_TAXIMAX_82_T_TL,116
1/2/2026,1325215613075TUHL0,155/70R13_ULTIMA HI^LIFE_75T TL,114
1/15/2026,1325218514086HURL0,185/65R14_UX ROYALE_86 H  TL,114
1/23/2026,1225220Z16008RXC10,205R16C ULTIMA XPC1 110/108 R TL,114
1/27/2026,1225220Z16008RXC10,205R16C ULTIMA XPC1 110/108 R TL,114
1/26/2026,1225220Z16008RXC10,205R16C ULTIMA XPC1 110/108 R TL,113
1/17/2026,1325222318102VRHE1,225/55R18_RANGER HPE_102V XL TL_MGI_F520,112
1/12/2026,1D25214012008QSTL0,145R12_STEELKING_8PR_Q_TL,112
1/28/2026,ET1658014UXRSMTTL,ET-165/80R14_UX ROYALE_SMART_TL_85T,112
1/7/2026,1325218614088TVECE,185/70R14_ VECTRA _88 T TL_BRAZIL EXPORT,112
1/1/2026,1325119015008SRBT0,195/80R15 RANGER BRT TT,112
1/24/2026,1225220Z16008RXC10,205R16C ULTIMA XPC1 110/108 R TL,112
1/21/2026,1325219515091VURL0,195/65 R15_UX ROYALE_91_V_TL,110
1/21/2026,1225219015008SLTB0,195-R15_BRUTE LT_8PR S TL,110
1/15/2026,1325215613075TTMX0,155/70R13_TAXIMAX_75 T_TL,110
1/2/2026,1D25214012008QSTL0,145R12_STEELKING_8PR_Q_TL,110
1/15/2026,1325214613071TTMX0,145/70R13_TAXIMAX_71T TL,108
1/22/2026,1325220416092VURL0,205/60 R16_UX ROYALE_92_V_TL,108
1/6/2026,1D25214012008QSTL0,145R12_STEELKING_8PR_Q_TL,106
1/30/2026,1225219015008SLTB0,195-R15_BRUTE LT_8PR S TL,106
1/2/2026,1325223616105HRHT0,235/70 R16_RANGER H/T _105_H_TL,106
1/18/2026,1225121716010SXC10,215/75R16_ULTIMA XPC1_10PR_S_TT,104
1/20/2026,1225121716010SXC10,215/75R16_ULTIMA XPC1_10PR_S_TT,104
1/25/2026,1325225517114TRHB0,LT 255/65R17_RANGER HT2_114/110T  TL_M&M,102
1/22/2026,1325223517104HRHT0,235/65 R17_RANGER H/T _104_H_TL,102
1/19/2026,1225121716010SXC10,215/75R16_ULTIMA XPC1_10PR_S_TT,102
1/12/2026,1325217613082TUNE0,175/70R13 ULTIMA NEO 82T TL,100
1/8/2026,1325214612069TUHL0,145/70R12 ULTIMA HI^LIFE _69 T_TL,100
1/24/2026,1325217613082TUNE2,175/70R13_ULTIMA NEO_82_T_4RIB_TL_ EXPOR,100
1/21/2026,1325223517104HRHT0,235/65 R17_RANGER H/T _104_H_TL,100
1/21/2026,1325220416092VURL0,205/60 R16_UX ROYALE_92_V_TL,98
1/26/2026,1325217514082HURL2,175/65R14 _UX ROYALE_82_H_4RIB_TL_EXPORT,98
1/27/2026,1325223517104HRHT0,235/65 R17_RANGER H/T _104_H_TL,98
1/17/2026,1325217613082TUNE2,175/70R13_ULTIMA NEO_82_T_4RIB_TL_ EXPOR,96
1/17/2026,1225121716010SXC10,215/75R16_ULTIMA XPC1_10PR_S_TT,96
1/27/2026,1225221716010SXC10,215/75R16C_ULTIMA XPC1 _ TL_PLT_ TML,95
1/11/2026,1D25214012008QSTL0,145R12_STEELKING_8PR_Q_TL,94
1/26/2026,1325219416089HRHE1,195/60R16_RANGER HPE_89H_TL_MSIL_YBB_,94
1/17/2026,1325215813079STMX0,155/80 R13_TAXIMAX_79 S TL,94
1/27/2026,1325222517102SRAB0,225/65R17_RANGER AT2_102S TL,94
1/1/2026,1325216514079TTMX0,165/65 R14_TAXIMAX_79 T TL,94
1/27/2026,1325121715115SLTB0,215/75R15 BRUTE_10PR_L_TT,94
1/11/2026,1325121715100SBRT0,215/75R15 BRUTE 4X4_100_S_TT,93
1/9/2026,1D25214012008QSTL0,145R12_STEELKING_8PR_Q_TL,92
1/29/2026,1225219015008SLTB0,195-R15_BRUTE LT_8PR S TL,90
1/21/2026,1325219316087VUTR0,195/55 R16 UX TOURING_87_V_TL,90
1/30/2026,1325218515088HURL1,185/65R15_UX ROYALE_88H_5RIB_EXP_TL,89
1/24/2026,1325225517114TRHB0,LT 255/65R17_RANGER HT2_114/110T  TL_M&M,88
1/22/2026,1225219015008SLTB0,195-R15_BRUTE LT_8PR S TL,86
1/25/2026,1325220316094VUX10,205/55R16 UX1 94 V TL Exp. & Dom.,84
1/1/2026,1D25214012008QSTL0,145R12_STEELKING_8PR_Q_TL,82
1/4/2026,1325220515094VTMX0,205/65R15_TAXIMAX_94 V_TL,82
1/15/2026,1225221716010SXC10,215/75R16C_ULTIMA XPC1 _ TL_PLT_ TML,82
1/18/2026,1325222318102VRHE1,225/55R18_RANGER HPE_102V XL TL_MGI_F520,80
1/11/2026,1225121716010SXC10,215/75R16_ULTIMA XPC1_10PR_S_TT,80
1/21/2026,1325226517112HRHT0,265/65 R17_RANGER H/T _112_H_TL,80
1/7/2026,1D25214012008QSTL0,145R12_STEELKING_8PR_Q_TL,80
1/20/2026,1225219015008SLTB0,195-R15_BRUTE LT_8PR S TL,80
1/30/2026,1325221416095HURL0,215/60 R16_UX ROYALE_95H_TL_MSIL_YXA,80
1/26/2026,1325223317103VUX10,235/55R17 UX1 103 V TL,78
1/29/2026,1325221416095HURL0,215/60 R16_UX ROYALE_95H_TL_MSIL_YXA,76
1/27/2026,1325221715100SRXT0,215/75R15 _RANGER X-A/T_100 S_TL,76
1/20/2026,1325217613082TUNE2,175/70R13_ULTIMA NEO_82_T_4RIB_TL_ EXPOR,76
1/21/2026,1325217613082TUNE2,175/70R13_ULTIMA NEO_82_T_4RIB_TL_ EXPOR,75
1/28/2026,1225175016012NJTL0,7.50R16LT_ JUH STEEL_12 PR_121/120 N_TT,74
1/28/2026,1325222517102SRAB0,225/65R17_RANGER AT2_102S TL,74
1/1/2026,1225121715115SSTL0,215/75R15_STEELKING_S_TT,74
1/24/2026,1325217514082HURL2,175/65R14 _UX ROYALE_82_H_4RIB_TL_EXPORT,74
1/27/2026,1225175016012NJTL0,7.50R16LT_ JUH STEEL_12 PR_121/120 N_TT,72
1/25/2026,1225220Z16008RXC10,205R16C ULTIMA XPC1 110/108 R TL,72
1/15/2026,1325213615099MSXT0,135/70R15 STAR XT_99M TL,71
1/15/2026,1325218515088TURL0,185/65R15_88T_UX ROYALE_ TL,70
1/13/2026,1325218515088TURL0,185/65R15_88T_UX ROYALE_ TL,70
1/24/2026,1325222517102SRAB0,225/65R17_RANGER AT2_102S TL,70
1/22/2026,1225220Z16008RXC10,205R16C ULTIMA XPC1 110/108 R TL,70
1/12/2026,1225221716010SXC10,215/75R16C_ULTIMA XPC1 _ TL_PLT_ TML,70
1/2/2026,1325114612069TUHL0,145/70R12_ ULTIMA HI^LIFE _69 T_TT,69
1/12/2026,1325219416089HRHE1,195/60R16_RANGER HPE_89H_TL_MSIL_YBB_,69
1/8/2026,1325223616105HRHT0,235/70 R16_RANGER H/T _105_H_TL,68
1/5/2026,1225175015012LSTL0,7.50R15 LT_STEELKING_119/114L 12PR_TT,68
1/25/2026,1325218614088TVECE,185/70R14_ VECTRA _88 T TL_BRAZIL EXPORT,68
1/27/2026,1325219416089HRHE1,195/60R16_RANGER HPE_89H_TL_MSIL_YBB_,67
1/13/2026,1225221716010SXC10,215/75R16C_ULTIMA XPC1 _ TL_PLT_ TML,66
1/23/2026,1325223517104HRHT0,235/65 R17_RANGER H/T _104_H_TL,66
1/16/2026,1225121716010SXC10,215/75R16_ULTIMA XPC1_10PR_S_TT,66
1/22/2026,1325222217098VUX10,225/50R17 UX1 98 V TL,66
1/11/2026,1325217614084HURL2,175/70 R14 _UXROYALE_84H_4Rib _TL,64
1/15/2026,1325217613082TUNE2,175/70R13_ULTIMA NEO_82_T_4RIB_TL_ EXPOR,64
1/14/2026,1325220515094VUTP0,205/65R15_UX TOURING PUNCTURE GUARD_94V,60
1/11/2026,1225221716010SXC10,215/75R16C_ULTIMA XPC1 _ TL_PLT_ TML,60
1/2/2026,1325213A16102MSXT0,T135/90R16_STAR-XT_102M  TL_M&M_S220,60
1/13/2026,1225121716010SXC10,215/75R16_ULTIMA XPC1_10PR_S_TT,58
1/14/2026,1325217613082TUNE2,175/70R13_ULTIMA NEO_82_T_4RIB_TL_ EXPOR,58
1/20/2026,1325123715105SBRT0,235/75R15 BRUTE 4X4_105_S_TT,57
1/20/2026,1325217413077TUSP0,175/60R13_ULTIMA SPORT_77_T_TL,54
1/2/2026,1325219416089HRHE0,195/60R16_RANGER HPE_89H TL_TML,52
1/21/2026,1225121716010SXC10,215/75R16_ULTIMA XPC1_10PR_S_TT,52
1/6/2026,1325220515094VUTP0,205/65R15_UX TOURING PUNCTURE GUARD_94V,50
1/14/2026,1325217514082HURL2,175/65R14 _UX ROYALE_82_H_4RIB_TL_EXPORT,50
1/10/2026,1225221716010SXC10,215/75R16C_ULTIMA XPC1 _ TL_PLT_ TML,48
1/23/2026,1325217613082TUNE2,175/70R13_ULTIMA NEO_82_T_4RIB_TL_ EXPOR,46
1/6/2026,1325223616105HRHT0,235/70 R16_RANGER H/T _105_H_TL,46
1/23/2026,1225221716010SXC10,215/75R16C_ULTIMA XPC1 _ TL_PLT_ TML,46
1/3/2026,1325213A16102MSXT0,T135/90R16_STAR-XT_102M  TL_M&M_S220,46
1/4/2026,1325220516095HTMX0,205/65R16_TAXIMAX_95 H TL,45
1/23/2026,1325216614081TVECE,165/70R14_VECTRA_81 T TL_EXPORT,42
1/28/2026,1325221715100SRXT0,215/75R15 _RANGER X-A/T_100 S_TL,42
1/5/2026,1325218515088HUTR0,185/65R15_UX TOURING_88H TL,40
1/26/2026,1225170015010LSTL0,7.00R15_STEEL KING_10PR_L_TT,40
1/5/2026,1325218514086HURL0,185/65R14_UX ROYALE_86 H  TL,38
1/14/2026,1225221716010SXC10,215/75R16C_ULTIMA XPC1 _ TL_PLT_ TML,38
1/24/2026,1325226517112HRHT0,265/65 R17_RANGER H/T _112_H_TL,36
1/12/2026,1325121715100SBRT0,215/75R15 BRUTE 4X4_100_S_TT,36
1/4/2026,1325221318099HURL0,215/55 R18_UX Royale _99 H  TL_ Reinforc,36
1/6/2026,1325218614088TVECE,185/70R14_ VECTRA _88 T TL_BRAZIL EXPORT,36
1/26/2026,1225175016012NJTL0,7.50R16LT_ JUH STEEL_12 PR_121/120 N_TT,34
1/28/2026,1325225518111HRHB1,255/65R18_RANGER HT2_111H TL_M&M_Z121,34
1/7/2026,1225170015010LSTL0,7.00R15_STEEL KING_10PR_L_TT,34
1/11/2026,1D25215Z13008QXPC0,155R13_ULTIMA XPC_8PR_Q_TL,34
1/6/2026,1225175015012LSTL0,7.50R15 LT_STEELKING_119/114L 12PR_TT,32
1/18/2026,1325217413077TUSP0,175/60R13_ULTIMA SPORT_77_T_TL,32
1/10/2026,1D25214012008QSTL0,145R12_STEELKING_8PR_Q_TL,30
1/4/2026,1225175015012LSTL0,7.50R15 LT_STEELKING_119/114L 12PR_TT,30
1/30/2026,1325218515088HURP0,185/65R15_UX ROYALE PUNCTURE GUARD_88H,30
1/14/2026,1325218515088HUTR0,185/65R15_UX TOURING_88H TL,28
1/3/2026,1D25214012008QSTL0,145R12_STEELKING_8PR_Q_TL,28
1/18/2026,1325220316091VURL1,205/55R16 UX Royale 91V,28
1/3/2026,1325221416095VURL0,215/60 R 16 _UX ROYALE_95_V_TL,28
1/23/2026,1225219015008SLTB0,195-R15_BRUTE LT_8PR S TL,26
1/24/2026,1325223517104HRHT0,235/65 R17_RANGER H/T _104_H_TL,24
1/2/2026,1325221318099HURL0,215/55 R18_UX Royale _99 H  TL_ Reinforc,24
1/18/2026,1325215813079SUHL0,155/80 R13_ULTIMA HI^LIFE_79 S TL,23
1/5/2026,1D25214012008QSTL0,145R12_STEELKING_8PR_Q_TL,23
1/29/2026,1225175016012NJTL0,7.50R16LT_ JUH STEEL_12 PR_121/120 N_TT,22
1/24/2026,1325220316094VUX10,205/55R16 UX1 94 V TL Exp. & Dom.,22
1/23/2026,1325222217098VUX10,225/50R17 UX1 98 V TL,22
1/21/2026,1325216614081TVECE,165/70R14_VECTRA_81 T TL_EXPORT,20
1/15/2026,ET1658014UXRSMTTL,ET-165/80R14_UX ROYALE_SMART_TL_85T,20
1/11/2026,1325217514082HVECL,175/65R14_VECTRA_82 H_ EXPORT,19
1/19/2026,1225219015008SLTB0,195-R15_BRUTE LT_8PR S TL,18
1/6/2026,1325221318099HURL0,215/55 R18_UX Royale _99 H  TL_ Reinforc,18
1/3/2026,1325218415084TTMX0,185/60 R15_TAXIMAX_84 T TL,18
1/30/2026,1325217514082HURL2,175/65R14 _UX ROYALE_82_H_4RIB_TL_EXPORT,16
1/29/2026,1325218515088HURP0,185/65R15_UX ROYALE PUNCTURE GUARD_88H,16
1/8/2026,1225121716010SXC10,215/75R16_ULTIMA XPC1_10PR_S_TT,16
1/18/2026,1325215813079STMX0,155/80 R13_TAXIMAX_79 S TL,16
1/28/2026,1225220Z16008RXC10,205R16C ULTIMA XPC1 110/108 R TL,16
1/16/2026,1D25214012008QSTL0,145R12_STEELKING_8PR_Q_TL,14
1/17/2026,1325217413077TUSP0,175/60R13_ULTIMA SPORT_77_T_TL,14
1/22/2026,1325220316091VURL1,205/55R16 UX Royale 91V,13
1/25/2026,1325223317103VUX10,235/55R17 UX1 103 V TL,12
1/17/2026,1D25214012008QSTL0,145R12_STEELKING_8PR_Q_TL,12
1/11/2026,1325223616105HRHT0,235/70 R16_RANGER H/T _105_H_TL,12
1/29/2026,ET1658014UXRSMTTL,ET-165/80R14_UX ROYALE_SMART_TL_85T,10
1/13/2026,1325219416089HRHE1,195/60R16_RANGER HPE_89H_TL_MSIL_YBB_,10
1/30/2026,1325225518111HRHB1,255/65R18_RANGER HT2_111H TL_M&M_Z121,10
1/27/2026,1325219515091VURL0,195/65 R15_UX ROYALE_91_V_TL,10
1/1/2026,1225219015010QSTL0,195R15LT_STEELKING_112_110_Q_10PR_TL,9
1/27/2026,1325219416089HRHE0,195/60R16_RANGER HPE_89H TL_TML,9
1/5/2026,1325221318099HURL0,215/55 R18_UX Royale _99 H  TL_ Reinforc,8
1/22/2026,1225121716010SXC10,215/75R16_ULTIMA XPC1_10PR_S_TT,8
1/28/2026,1325218515088HURP0,185/65R15_UX ROYALE PUNCTURE GUARD_88H,8
1/8/2026,1325216514079TTMX0,165/65 R14_TAXIMAX_79 T TL,8
1/17/2026,1325218515088HURL1,185/65R15_UX ROYALE_88H_5RIB_EXP_TL,8
1/29/2026,1325218515088HURL1,185/65R15_UX ROYALE_88H_5RIB_EXP_TL,8
1/7/2026,1325221318099HURL0,215/55 R18_UX Royale _99 H  TL_ Reinforc,6
1/10/2026,1225223516121RBVNE,235/65R16C _121/119 R_ SUMMER VAN,6
1/12/2026,1325221318099HURL0,215/55 R18_UX Royale _99 H  TL_ Reinforc,6
1/19/2026,1325119815106QBRQ0,195/80R15 BRUTE TT,5
1/13/2026,1325121715100SBRT0,215/75R15 BRUTE 4X4_100_S_TT,5
1/26/2026,1225221716010SXC10,215/75R16C_ULTIMA XPC1 _ TL_PLT_ TML,4
1/22/2026,1225221716010SXC10,215/75R16C_ULTIMA XPC1 _ TL_PLT_ TML,4
1/18/2026,1325219316087VURL0,195/55 R16_UX ROYALE_87_V_TL,4
1/25/2026,1325217613082TUNE2,175/70R13_ULTIMA NEO_82_T_4RIB_TL_ EXPOR,4
1/15/2026,1325220515094VUTP0,205/65R15_UX TOURING PUNCTURE GUARD_94V,4
1/26/2026,1325121715115SLTB0,215/75R15 BRUTE_10PR_L_TT,4
1/14/2026,1325121715100SBRT0,215/75R15 BRUTE 4X4_100_S_TT,2
1/24/2026,1325216814085SUTR0,165/80R14_UX TOURING_85S TL,2
1/20/2026,1325220416092VURL0,205/60 R16_UX ROYALE_92_V_TL,2
1/5/2026,1325217415081HUTR0,175/60R15_UX TOURING_81H TL,2
1/21/2026,1325222217098VUX10,225/50R17 UX1 98 V TL,2
1/1/2026,1325215513073TUHL0,155/65R13_ ULTIMA HI^LIFE _73 T TL,2
1/19/2026,1325119015008SRBT0,195/80R15 RANGER BRT TT,2
1/13/2026,1325213612065SULX1,135/70R12 Ultima LXT 65S TL FOR BAL,2
1/10/2026,1425118916008QRBT0,185/85R16 RANGER BRT_TT,2
1/16/2026,1325221715100SRXT0,215/75R15 _RANGER X-A/T_100 S_TL,2
1/16/2026,1325114812074TUHL0,145/80R12 ULTIMA HI^LIFE_TT,1
1/25/2026,1325222318102VRHE1,225/55R18_RANGER HPE_102V XL TL_MGI_F520,1
1/20/2026,1325216814085SUTR0,165/80R14_UX TOURING_85S TL,1
1/29/2026,1325221715100SRXT0,215/75R15 _RANGER X-A/T_100 S_TL,1
1/29/2026,1325119815106QBRQ0,195/80R15 BRUTE TT,1
1/29/2026,1325222517102SRAB0,225/65R17_RANGER AT2_102S TL,1
1/28/2026,1325219316087VURL0,195/55 R16_UX ROYALE_87_V_TL,1
